name,lang,id,n,size(B),cpu(s),mem(KB),status,load,elapsed(s)
nbodyjava,java,1,50000000,1644,6.631,33720,0,2% 1% 0% 100%,6.577
nbodyjava,java,1,50000000,1644,6.611,33544,0,100% 1% 0% 1%,6.564
nbodyjava,java,1,50000000,1644,6.624,33864,0,99% 0% 0% 1%,6.573
nbodyjava,java,1,50000000,1644,6.630,33380,0,100% 0% 1% 0%,6.576
nbodyjava,java,1,50000000,1644,6.626,33668,0,0% 1% 100% 0%,6.573
nbodyjava,java,1,50000000,1644,6.611,33728,0,0% 0% 100% 1%,6.564
nbodyjava,java,1,50000000,1644,6.625,33724,0,1% 99% 1% 1%,6.573
nbodyjava,java,1,50000000,1644,6.609,33616,0,0% 1% 100% 0%,6.563
nbodyjava,java,1,50000000,1644,6.613,33644,0,0% 0% 100% 1%,6.566
nbodyjava,java,1,50000000,1644,6.619,33692,0,100% 1% 0% 1%,6.573
nbodyjava,java,1,50000000,1644,6.613,33596,0,1% 100% 1% 0%,6.566
nbodyjava,java,1,50000000,1644,6.617,33856,0,100% 1% 0% 1%,6.568
nbodyjava,java,1,50000000,1644,6.609,33764,0,99% 1% 0% 1%,6.563
nbodyjava,java,1,50000000,1644,6.610,33576,0,100% 0% 0% 1%,6.564
nbodyjava,java,1,50000000,1644,6.610,33800,0,99% 0% 0% 1%,6.562
nbodyjava,java,1,50000000,1644,6.617,33900,0,100% 1% 0% 1%,6.567
nbodyjava,java,1,50000000,1644,6.627,33760,0,99% 1% 1% 0%,6.573
nbodyjava,java,1,50000000,1644,6.626,33284,0,100% 1% 1% 0%,6.571
nbodyjava,java,1,50000000,1644,6.641,33256,0,2% 53% 2% 47%,6.586
nbodyjava,java,1,50000000,1644,6.613,33896,0,100% 1% 0% 1%,6.568
nbodyjava,java,1,50000000,1644,6.629,33948,0,1% 1% 1% 99%,6.574
nbodyjava,java,1,50000000,1644,6.634,32912,0,0% 1% 99% 0%,6.580
nbodyjava,java,1,50000000,1644,6.625,33500,0,100% 1% 1% 1%,6.571
nbodyjava,java,1,50000000,1644,6.611,33760,0,99% 0% 0% 1%,6.566
nbodyjava,java,1,50000000,1644,6.632,33432,0,1% 1% 100% 0%,6.578
nbodyjava,java,1,50000000,1644,6.606,33804,0,99% 0% 0% 1%,6.560
nbodyjava,java,1,50000000,1644,6.628,33736,0,100% 1% 0% 0%,6.574
nbodyjava,java,1,50000000,1644,6.615,33768,0,99% 1% 0% 1%,6.568
nbodyjava,java,1,50000000,1644,6.614,33536,0,0% 0% 99% 1%,6.567
nbodyjava,java,1,50000000,1644,6.628,33632,0,1% 1% 0% 100%,6.574
nbodyjava,java,1,50000000,1644,6.627,33360,0,1% 99% 1% 0%,6.574
nbodyjava,java,1,50000000,1644,6.627,33412,0,99% 1% 0% 2%,6.574
nbodyjava,java,1,50000000,1644,6.631,33204,0,1% 1% 100% 1%,6.575
nbodyjava,java,1,50000000,1644,6.620,33468,0,100% 0% 0% 1%,6.570
nbodyjava,java,1,50000000,1644,6.615,33652,0,99% 1% 0% 1%,6.568
nbodyjava,java,1,50000000,1644,6.628,33248,0,1% 99% 1% 1%,6.574
nbodyjava,java,1,50000000,1644,6.613,33904,0,100% 1% 0% 1%,6.567
nbodyjava,java,1,50000000,1644,6.628,33512,0,2% 1% 0% 100%,6.576
nbodyjava,java,1,50000000,1644,6.632,33480,0,100% 1% 1% 0%,6.577
nbodyjava,java,1,50000000,1644,6.613,33532,0,99% 1% 0% 1%,6.567
nbodyjava,java,1,50000000,1644,6.632,33360,0,1% 1% 99% 1%,6.577
nbodyjava,java,1,50000000,1644,6.627,33724,0,99% 0% 0% 1%,6.573
nbodyjava,java,1,50000000,1644,6.615,33728,0,100% 1% 0% 0%,6.568
nbodyjava,java,1,50000000,1644,6.632,33240,0,1% 0% 1% 99%,6.577
nbodyjava,java,1,50000000,1644,6.631,33696,0,67% 1% 33% 0%,6.576
nbodyjava,java,1,50000000,1644,6.608,33580,0,100% 1% 0% 1%,6.562
nbodyjava,java,1,50000000,1644,6.615,33348,0,100% 1% 0% 1%,6.566
nbodyjava,java,1,50000000,1644,6.625,33348,0,1% 2% 1% 99%,6.576
nbodyjava,java,1,50000000,1644,6.613,33312,0,100% 1% 0% 1%,6.566
nbodyjava,java,1,50000000,1644,6.642,33664,0,2% 4% 99% 2%,6.596
nbodyjava,java,1,50000000,1644,6.726,33856,0,6% 5% 3% 100%,6.676
nbodyjava,java,1,50000000,1644,6.693,33808,0,84% 7% 19% 9%,6.642
nbodyjava,java,1,50000000,1644,6.637,33484,0,1% 1% 99% 1%,6.582
nbodyjava,java,1,50000000,1644,6.693,33728,0,6% 3% 5% 99%,6.639
nbodyjava,java,1,50000000,1644,6.636,33748,0,2% 1% 1% 100%,6.585
nbodyjava,java,1,50000000,1644,6.640,33460,0,1% 1% 1% 100%,6.582
nbodyjava,java,1,50000000,1644,6.627,33464,0,1% 100% 1% 0%,6.576
nbodyjava,java,1,50000000,1644,6.638,33472,0,1% 1% 0% 100%,6.582
nbodyjava,java,1,50000000,1644,6.626,33420,0,99% 2% 0% 1%,6.575
nbodyjava,java,1,50000000,1644,6.637,33808,0,1% 99% 1% 1%,6.581
nbodyjava,java,1,50000000,1644,6.640,33488,0,1% 1% 100% 0%,6.584
nbodyjava,java,1,50000000,1644,6.633,33480,0,2% 0% 2% 99%,6.579
nbodyjava,java,1,50000000,1644,6.634,33256,0,100% 1% 1% 1%,6.579
nbodyjava,java,1,50000000,1644,6.634,33464,0,100% 2% 1% 0%,6.579
nbodyjava,java,1,50000000,1644,6.622,33740,0,1% 24% 1% 76%,6.572
nbodyjava,java,1,50000000,1644,6.635,33644,0,2% 1% 1% 100%,6.580
nbodyjava,java,1,50000000,1644,6.627,33648,0,100% 1% 1% 0%,6.575
nbodyjava,java,1,50000000,1644,6.616,33500,0,1% 0% 1% 100%,6.569
nbodyjava,java,1,50000000,1644,6.639,33692,0,2% 100% 1% 1%,6.580
nbodyjava,java,1,50000000,1644,6.622,33736,0,1% 0% 2% 100%,6.574
nbodyjava,java,1,50000000,1644,6.636,33796,0,100% 2% 1% 1%,6.582
nbodyjava,java,1,50000000,1644,6.631,33244,0,100% 1% 1% 1%,6.576
nbodyjava,java,1,50000000,1644,6.634,33240,0,3% 99% 1% 0%,6.579
nbodyjava,java,1,50000000,1644,6.625,33820,0,21% 1% 79% 1%,6.576
nbodyjava,java,1,50000000,1644,6.632,33216,0,2% 100% 0% 1%,6.580
nbodyjava,java,1,50000000,1644,6.625,33752,0,2% 99% 1% 1%,6.577
nbodyjava,java,1,50000000,1644,6.634,33768,0,2% 99% 1% 1%,6.581
nbodyjava,java,1,50000000,1644,6.638,33504,0,1% 100% 1% 1%,6.581
nbodyjava,java,1,50000000,1644,6.640,33688,0,1% 2% 99% 1%,6.583
nbodyjava,java,1,50000000,1644,6.636,33940,0,3% 99% 2% 0%,6.582
nbodyjava,java,1,50000000,1644,6.637,33700,0,2% 100% 1% 1%,6.580
nbodyjava,java,1,50000000,1644,6.636,33492,0,99% 1% 1% 1%,6.582
nbodyjava,java,1,50000000,1644,6.629,33528,0,1% 100% 1% 1%,6.576
nbodyjava,java,1,50000000,1644,6.640,33268,0,2% 99% 1% 1%,6.584
nbodyjava,java,1,50000000,1644,6.633,33776,0,1% 1% 100% 0%,6.578
nbodyjava,java,1,50000000,1644,6.641,33740,0,1% 100% 1% 1%,6.584
nbodyjava,java,1,50000000,1644,6.625,33340,0,100% 1% 0% 0%,6.576
nbodyjava,java,1,50000000,1644,6.635,33404,0,0% 1% 99% 1%,6.580
nbodyjava,java,1,50000000,1644,6.628,33532,0,1% 1% 99% 1%,6.575
nbodyjava,java,1,50000000,1644,6.638,33556,0,1% 1% 100% 1%,6.582
nbodyjava,java,1,50000000,1644,6.632,33484,0,1% 1% 0% 100%,6.578
nbodyjava,java,1,50000000,1644,6.643,33468,0,1% 99% 1% 1%,6.589
nbodyjava,java,1,50000000,1644,6.636,33468,0,2% 100% 1% 1%,6.581
nbodyjava,java,1,50000000,1644,6.617,33456,0,3% 100% 0% 0%,6.570
nbodyjava,java,1,50000000,1644,6.636,33776,0,1% 100% 0% 1%,6.579
nbodyjava,java,1,50000000,1644,6.636,33784,0,3% 99% 1% 0%,6.582
nbodyjava,java,1,50000000,1644,6.621,33668,0,100% 2% 0% 0%,6.573
nbodyjava,java,1,50000000,1644,6.625,33296,0,100% 2% 1% 0%,6.576
nbodyjava,java,1,50000000,1644,6.636,33716,0,3% 99% 2% 1%,6.584
nbodyjava,java,1,50000000,1644,6.685,33416,0,5% 1% 1% 100%,6.619
nbodyjava,java,1,50000000,1644,6.674,33692,0,3% 100% 3% 2%,6.622
nbodyjava,java,1,50000000,1644,6.622,33564,0,2% 1% 1% 99%,6.571
nbodyjava,java,1,50000000,1644,6.616,33788,0,0% 0% 1% 100%,6.570
nbodyjava,java,1,50000000,1644,6.626,33464,0,1% 1% 1% 100%,6.571
nbodyjava,java,1,50000000,1644,6.608,33712,0,1% 0% 1% 99%,6.562
nbodyjava,java,1,50000000,1644,6.613,33672,0,1% 0% 1% 100%,6.564
nbodyjava,java,1,50000000,1644,6.628,33636,0,1% 99% 1% 0%,6.576
nbodyjava,java,1,50000000,1644,6.629,33816,0,1% 0% 100% 0%,6.575
nbodyjava,java,1,50000000,1644,6.628,33524,0,99% 2% 1% 2%,6.574
nbodyjava,java,1,50000000,1644,6.636,33720,0,99% 2% 1% 1%,6.582
nbodyjava,java,1,50000000,1644,6.631,33836,0,1% 1% 2% 99%,6.577
nbodyjava,java,1,50000000,1644,6.612,33604,0,1% 0% 1% 100%,6.565
nbodyjava,java,1,50000000,1644,6.630,33412,0,0% 0% 100% 1%,6.575
nbodyjava,java,1,50000000,1644,6.612,33812,0,1% 0% 1% 100%,6.565
nbodyjava,java,1,50000000,1644,6.621,33552,0,3% 99% 0% 0%,6.570
nbodyjava,java,1,50000000,1644,6.611,33660,0,1% 0% 1% 100%,6.565
nbodyjava,java,1,50000000,1644,6.630,33208,0,100% 1% 1% 0%,6.576
nbodyjava,java,1,50000000,1644,6.631,33708,0,100% 0% 0% 0%,6.576
nbodyjava,java,1,50000000,1644,6.638,33668,0,100% 2% 1% 0%,6.585
nbodyjava,java,1,50000000,1644,6.630,33560,0,100% 2% 1% 0%,6.575
nbodyjava,java,1,50000000,1644,6.614,33720,0,2% 99% 1% 0%,6.568
nbodyjava,java,1,50000000,1644,6.624,33504,0,1% 1% 100% 0%,6.572
nbodyjava,java,1,50000000,1644,6.625,33620,0,0% 0% 100% 0%,6.573
nbodyjava,java,1,50000000,1644,6.611,33664,0,1% 0% 1% 100%,6.564
nbodyjava,java,1,50000000,1644,6.607,33456,0,2% 100% 0% 0%,6.562
nbodyjava,java,1,50000000,1644,6.615,33684,0,0% 0% 1% 100%,6.567
nbodyjava,java,1,50000000,1644,6.627,33648,0,1% 99% 1% 0%,6.574
nbodyjava,java,1,50000000,1644,6.633,33680,0,100% 2% 1% 0%,6.583
nbodyjava,java,1,50000000,1644,6.609,33584,0,100% 2% 0% 0%,6.565
nbodyjava,java,1,50000000,1644,6.635,33532,0,100% 1% 1% 1%,6.582
nbodyjava,java,1,50000000,1644,6.632,33828,0,2% 100% 0% 1%,6.575
nbodyjava,java,1,50000000,1644,6.623,33524,0,1% 0% 1% 100%,6.569
nbodyjava,java,1,50000000,1644,6.631,33772,0,100% 1% 1% 0%,6.576
nbodyjava,java,1,50000000,1644,6.611,33744,0,99% 1% 0% 1%,6.565
nbodyjava,java,1,50000000,1644,6.614,33812,0,100% 1% 0% 1%,6.567
nbodyjava,java,1,50000000,1644,6.613,33928,0,99% 0% 0% 1%,6.566
nbodyjava,java,1,50000000,1644,6.631,33548,0,1% 1% 100% 1%,6.576
nbodyjava,java,1,50000000,1644,6.618,33904,0,100% 1% 0% 1%,6.569
nbodyjava,java,1,50000000,1644,6.610,33652,0,100% 1% 0% 1%,6.565
nbodyjava,java,1,50000000,1644,6.610,33568,0,99% 1% 0% 1%,6.564
nbodyjava,java,1,50000000,1644,6.631,33620,0,2% 99% 1% 0%,6.577
nbodyjava,java,1,50000000,1644,6.631,33520,0,99% 1% 0% 1%,6.578
nbodyjava,java,1,50000000,1644,6.611,33532,0,0% 1% 100% 1%,6.565
nbodyjava,java,1,50000000,1644,6.614,33764,0,99% 0% 0% 1%,6.567
nbodyjava,java,1,50000000,1644,6.629,33756,0,1% 100% 1% 1%,6.575
nbodyjava,java,1,50000000,1644,6.636,33340,0,1% 1% 99% 0%,6.582
nbodyjava,java,1,50000000,1644,6.610,33468,0,99% 1% 0% 1%,6.564
nbodyjava,java,1,50000000,1644,6.615,33688,0,100% 1% 0% 1%,6.568
nbodyjava,java,1,50000000,1644,6.621,33640,0,2% 99% 0% 1%,6.571
nbodyjava,java,1,50000000,1644,6.631,33164,0,1% 0% 100% 0%,6.576
nbodyjava,java,1,50000000,1644,6.625,33556,0,2% 0% 0% 100%,6.573
nbodyjava,java,1,50000000,1644,6.626,33400,0,99% 1% 0% 1%,6.573
nbodyjava,java,1,50000000,1644,6.629,33352,0,2% 0% 0% 100%,6.575
nbodyjava,java,1,50000000,1644,6.612,33804,0,99% 1% 0% 1%,6.566
nbodyjava,java,1,50000000,1644,6.610,33520,0,100% 1% 0% 1%,6.565
nbodyjava,java,1,50000000,1644,6.631,33784,0,2% 99% 1% 1%,6.577
nbodyjava,java,1,50000000,1644,6.618,33856,0,0% 1% 99% 0%,6.571
nbodyjava,java,1,50000000,1644,6.612,33528,0,0% 1% 100% 0%,6.565
nbodyjava,java,1,50000000,1644,6.627,33316,0,1% 1% 0% 100%,6.573
nbodyjava,java,1,50000000,1644,6.613,33420,0,100% 1% 0% 1%,6.567
nbodyjava,java,1,50000000,1644,6.623,33440,0,1% 1% 99% 1%,6.572
nbodyjava,java,1,50000000,1644,6.631,33648,0,1% 1% 0% 100%,6.577
nbodyjava,java,1,50000000,1644,6.629,33548,0,2% 99% 1% 1%,6.575
nbodyjava,java,1,50000000,1644,6.612,33524,0,100% 1% 0% 1%,6.566
nbodyjava,java,1,50000000,1644,6.620,33628,0,100% 1% 0% 1%,6.574
nbodyjava,java,1,50000000,1644,6.619,33588,0,99% 0% 0% 1%,6.572
nbodyjava,java,1,50000000,1644,6.609,33684,0,1% 0% 1% 100%,6.563
nbodyjava,java,1,50000000,1644,6.629,33548,0,1% 99% 0% 1%,6.575
nbodyjava,java,1,50000000,1644,6.630,33736,0,1% 99% 0% 1%,6.576
nbodyjava,java,1,50000000,1644,6.631,33668,0,100% 1% 0% 0%,6.576
nbodyjava,java,1,50000000,1644,6.628,33472,0,1% 1% 99% 1%,6.574
nbodyjava,java,1,50000000,1644,6.611,33660,0,100% 1% 0% 1%,6.564
nbodyjava,java,1,50000000,1644,6.613,33296,0,100% 0% 0% 1%,6.567
nbodyjava,java,1,50000000,1644,6.621,33588,0,2% 1% 0% 99%,6.572
nbodyjava,java,1,50000000,1644,6.629,33772,0,2% 100% 1% 1%,6.574
nbodyjava,java,1,50000000,1644,6.631,33452,0,1% 100% 0% 1%,6.577
nbodyjava,java,1,50000000,1644,6.625,33640,0,1% 100% 1% 0%,6.573
nbodyjava,java,1,50000000,1644,6.612,33420,0,0% 1% 100% 0%,6.566
nbodyjava,java,1,50000000,1644,6.627,33524,0,0% 1% 99% 1%,6.573
nbodyjava,java,1,50000000,1644,6.630,33784,0,0% 2% 99% 1%,6.574
nbodyjava,java,1,50000000,1644,6.610,33684,0,1% 0% 1% 100%,6.564
nbodyjava,java,1,50000000,1644,6.628,33624,0,1% 1% 99% 1%,6.574
nbodyjava,java,1,50000000,1644,6.612,33616,0,0% 1% 100% 0%,6.564
nbodyjava,java,1,50000000,1644,6.635,33520,0,1% 0% 100% 0%,6.580
nbodyjava,java,1,50000000,1644,6.631,33596,0,1% 1% 100% 0%,6.577
nbodyjava,java,1,50000000,1644,6.614,33668,0,1% 1% 99% 0%,6.567
nbodyjava,java,1,50000000,1644,6.629,33432,0,1% 100% 0% 0%,6.574
nbodyjava,java,1,50000000,1644,6.616,33416,0,0% 1% 100% 0%,6.567
nbodyjava,java,1,50000000,1644,6.609,33784,0,100% 0% 0% 1%,6.564
nbodyjava,java,1,50000000,1644,6.628,33680,0,1% 0% 100% 0%,6.574
nbodyjava,java,1,50000000,1644,6.610,33740,0,0% 1% 100% 0%,6.564
nbodyjava,java,1,50000000,1644,6.633,33308,0,100% 3% 1% 0%,6.579
nbodyjava,java,1,50000000,1644,6.630,33648,0,1% 100% 0% 1%,6.576
nbodyjava,java,1,50000000,1644,6.609,33740,0,0% 1% 100% 0%,6.563
nbodyjava,java,1,50000000,1644,6.631,33420,0,100% 2% 0% 1%,6.575
nbodyjava,java,1,50000000,1644,6.611,33712,0,0% 1% 99% 0%,6.565
nbodyjava,java,1,50000000,1644,6.611,33560,0,0% 1% 100% 1%,6.565
nbodyjava,java,1,50000000,1644,6.615,33472,0,0% 1% 100% 1%,6.566
nbodyjava,java,1,50000000,1644,6.631,33592,0,0% 1% 99% 0%,6.578
nbodyjava,java,1,50000000,1644,6.616,33688,0,1% 1% 1% 99%,6.569
nbodyjava,java,1,50000000,1644,6.639,33664,0,2% 100% 0% 1%,6.590
nbodyjava,java,1,50000000,1644,6.630,33456,0,100% 1% 1% 1%,6.575
nbodyjava,java,1,50000000,1644,6.633,33048,0,1% 0% 100% 1%,6.577
nbodyjava,java,1,50000000,1644,6.627,33616,0,3% 99% 1% 1%,6.574
nbodyjava,java,1,50000000,1644,6.630,33504,0,1% 1% 1% 99%,6.576
nbodyjava,java,1,50000000,1644,6.629,33256,0,67% 1% 33% 1%,6.576
nbodyjava,java,1,50000000,1644,6.610,33536,0,100% 1% 0% 1%,6.563
nbodyjava,java,1,50000000,1644,6.631,33864,0,100% 1% 1% 1%,6.576
nbodyjava,java,1,50000000,1644,6.613,33588,0,100% 0% 0% 1%,6.566
nbodyjava,java,1,50000000,1644,6.634,33724,0,1% 1% 0% 100%,6.579
nbodyjava,java,1,50000000,1644,6.623,33436,0,1% 1% 0% 100%,6.571
nbodyjava,java,1,50000000,1644,6.610,33920,0,100% 1% 0% 1%,6.564
nbodyjava,java,1,50000000,1644,6.632,33556,0,1% 1% 100% 0%,6.577
nbodyjava,java,1,50000000,1644,6.623,33760,0,100% 1% 0% 0%,6.571
nbodyjava,java,1,50000000,1644,6.610,33912,0,2% 100% 0% 0%,6.563
nbodyjava,java,1,50000000,1644,6.630,33672,0,2% 100% 1% 1%,6.577
nbodyjava,java,1,50000000,1644,6.610,33448,0,0% 1% 100% 0%,6.564
nbodyjava,java,1,50000000,1644,6.611,33560,0,100% 1% 0% 1%,6.565
nbodyjava,java,1,50000000,1644,6.614,33504,0,30% 1% 69% 1%,6.567
nbodyjava,java,1,50000000,1644,6.610,33868,0,0% 1% 100% 0%,6.564
nbodyjava,java,1,50000000,1644,6.630,33588,0,99% 1% 0% 1%,6.576
nbodyjava,java,1,50000000,1644,6.632,33444,0,0% 1% 99% 1%,6.578
nbodyjava,java,1,50000000,1644,6.611,33788,0,0% 1% 99% 1%,6.565
nbodyjava,java,1,50000000,1644,6.610,33628,0,100% 1% 0% 1%,6.564
nbodyjava,java,1,50000000,1644,6.631,33544,0,1% 0% 0% 100%,6.577
nbodyjava,java,1,50000000,1644,6.633,33452,0,99% 1% 0% 1%,6.579
nbodyjava,java,1,50000000,1644,6.628,33360,0,1% 0% 100% 1%,6.574
nbodyjava,java,1,50000000,1644,6.628,33664,0,100% 1% 0% 1%,6.574
nbodyjava,java,1,50000000,1644,6.612,33452,0,0% 1% 99% 0%,6.565
nbodyjava,java,1,50000000,1644,6.636,33548,0,1% 1% 99% 1%,6.582
nbodyjava,java,1,50000000,1644,6.635,33800,0,2% 99% 0% 1%,6.581
nbodyjava,java,1,50000000,1644,6.625,33576,0,1% 0% 100% 0%,6.572
nbodyjava,java,1,50000000,1644,6.627,33364,0,2% 1% 1% 99%,6.573
nbodyjava,java,1,50000000,1644,6.611,33628,0,0% 1% 99% 0%,6.564
nbodyjava,java,1,50000000,1644,6.632,33852,0,2% 1% 1% 99%,6.578
nbodyjava,java,1,50000000,1644,6.612,33560,0,0% 1% 100% 1%,6.566
nbodyjava,java,1,50000000,1644,6.614,33684,0,0% 1% 100% 0%,6.567
nbodyjava,java,1,50000000,1644,6.639,33328,0,2% 1% 1% 100%,6.583
nbodyjava,java,1,50000000,1644,6.616,33764,0,0% 1% 100% 0%,6.570
nbodyjava,java,1,50000000,1644,6.629,33284,0,1% 0% 100% 1%,6.575
nbodyjava,java,1,50000000,1644,6.609,33676,0,0% 1% 100% 0%,6.563
nbodyjava,java,1,50000000,1644,6.629,33264,0,0% 2% 99% 1%,6.575
nbodyjava,java,1,50000000,1644,6.610,33500,0,0% 1% 99% 0%,6.563
nbodyjava,java,1,50000000,1644,6.627,33480,0,0% 2% 99% 1%,6.574
nbodyjava,java,1,50000000,1644,6.613,33780,0,0% 1% 100% 0%,6.566
nbodyjava,java,1,50000000,1644,6.632,33780,0,99% 2% 1% 1%,6.577
nbodyjava,java,1,50000000,1644,6.631,33316,0,2% 100% 0% 0%,6.578
nbodyjava,java,1,50000000,1644,6.620,33612,0,1% 1% 1% 99%,6.571
nbodyjava,java,1,50000000,1644,6.631,33612,0,99% 1% 1% 1%,6.576
nbodyjava,java,1,50000000,1644,6.610,33872,0,0% 1% 100% 1%,6.564
nbodyjava,java,1,50000000,1644,6.612,33636,0,0% 1% 100% 0%,6.565
nbodyjava,java,1,50000000,1644,6.628,33248,0,2% 0% 2% 99%,6.575
nbodyjava,java,1,50000000,1644,6.610,33972,0,99% 2% 0% 0%,6.564
nbodyjava,java,1,50000000,1644,6.618,33408,0,1% 100% 0% 0%,6.569
nbodyjava,java,1,50000000,1644,6.608,33544,0,0% 1% 100% 0%,6.562
nbodyjava,java,1,50000000,1644,6.631,33596,0,2% 1% 1% 100%,6.576
nbodyjava,java,1,50000000,1644,6.610,33732,0,0% 1% 100% 1%,6.565
nbodyjava,java,1,50000000,1644,6.609,33664,0,100% 1% 0% 1%,6.564
nbodyjava,java,1,50000000,1644,6.632,33564,0,99% 0% 1% 1%,6.577
nbodyjava,java,1,50000000,1644,6.631,33684,0,99% 1% 0% 1%,6.577
nbodyjava,java,1,50000000,1644,6.630,33448,0,99% 0% 0% 1%,6.576
nbodyjava,java,1,50000000,1644,6.632,33576,0,0% 100% 0% 1%,6.578
nbodyjava,java,1,50000000,1644,6.613,33352,0,2% 100% 0% 0%,6.566
nbodyjava,java,1,50000000,1644,6.610,33440,0,0% 1% 100% 0%,6.564
nbodyjava,java,1,50000000,1644,6.614,33716,0,99% 2% 0% 1%,6.567
nbodyjava,java,1,50000000,1644,6.629,33628,0,1% 0% 1% 100%,6.575
nbodyjava,java,1,50000000,1644,6.634,33788,0,1% 1% 0% 100%,6.579
nbodyjava,java,1,50000000,1644,6.612,33512,0,100% 0% 0% 1%,6.564
nbodyjava,java,1,50000000,1644,6.630,33188,0,0% 1% 99% 1%,6.575
nbodyjava,java,1,50000000,1644,6.612,33388,0,1% 0% 0% 100%,6.565
nbodyjava,java,1,50000000,1644,6.612,33660,0,76% 1% 23% 1%,6.566
nbodyjava,java,1,50000000,1644,6.608,33808,0,99% 0% 0% 1%,6.563
nbodyjava,java,1,50000000,1644,6.629,33628,0,100% 1% 0% 1%,6.575
nbodyjava,java,1,50000000,1644,6.627,33624,0,2% 100% 1% 1%,6.575
nbodyjava,java,1,50000000,1644,6.611,33492,0,99% 1% 0% 1%,6.565
nbodyjava,java,1,50000000,1644,6.612,33840,0,99% 0% 0% 1%,6.566
nbodyjava,java,1,50000000,1644,6.614,33584,0,100% 1% 0% 1%,6.567
nbodyjava,java,1,50000000,1644,6.612,33536,0,99% 1% 0% 1%,6.565
nbodyjava,java,1,50000000,1644,6.620,33800,0,99% 0% 0% 1%,6.570
nbodyjava,java,1,50000000,1644,6.630,33668,0,1% 99% 1% 1%,6.576
nbodyjava,java,1,50000000,1644,6.630,33616,0,99% 1% 0% 2%,6.576
nbodyjava,java,1,50000000,1644,6.631,33496,0,1% 1% 1% 100%,6.577
nbodyjava,java,1,50000000,1644,6.636,33316,0,99% 2% 1% 1%,6.582
nbodyjava,java,1,50000000,1644,6.611,33708,0,99% 0% 0% 1%,6.564
nbodyjava,java,1,50000000,1644,6.633,33392,0,2% 99% 1% 1%,6.579
nbodyjava,java,1,50000000,1644,6.620,33512,0,40% 0% 60% 1%,6.570
nbodyjava,java,1,50000000,1644,6.630,33648,0,1% 1% 0% 100%,6.576
nbodyjava,java,1,50000000,1644,6.610,33592,0,99% 1% 0% 1%,6.564
nbodyjava,java,1,50000000,1644,6.619,33524,0,0% 1% 99% 1%,6.571
nbodyjava,java,1,50000000,1644,6.610,33720,0,1% 0% 1% 100%,6.564
nbodyjava,java,1,50000000,1644,6.611,33812,0,100% 1% 0% 1%,6.564
nbodyjava,java,1,50000000,1644,6.639,33664,0,3% 99% 1% 1%,6.585
nbodyjava,java,1,50000000,1644,6.613,33668,0,99% 1% 0% 1%,6.566
nbodyjava,java,1,50000000,1644,6.636,33708,0,100% 1% 1% 1%,6.581
nbodyjava,java,1,50000000,1644,6.628,33792,0,0% 0% 0% 100%,6.574
nbodyjava,java,1,50000000,1644,6.631,33416,0,1% 1% 0% 100%,6.577
nbodyjava,java,1,50000000,1644,6.626,33912,0,2% 100% 2% 1%,6.569
nbodyjava,java,1,50000000,1644,6.613,33692,0,1% 0% 99% 1%,6.567
nbodyjava,java,1,50000000,1644,6.613,33468,0,0% 1% 100% 0%,6.566
nbodyjava,java,1,50000000,1644,6.610,33612,0,100% 0% 0% 1%,6.563
nbodyjava,java,1,50000000,1644,6.629,33604,0,3% 99% 1% 1%,6.575
nbodyjava,java,1,50000000,1644,6.611,33568,0,0% 1% 100% 0%,6.565
nbodyjava,java,1,50000000,1644,6.630,33500,0,1% 1% 100% 1%,6.575
nbodyjava,java,1,50000000,1644,6.627,33772,0,99% 1% 0% 2%,6.573
nbodyjava,java,1,50000000,1644,6.630,33588,0,99% 1% 1% 1%,6.576
nbodyjava,java,1,50000000,1644,6.626,33520,0,1% 0% 0% 100%,6.574
nbodyjava,java,1,50000000,1644,6.612,33736,0,100% 2% 0% 1%,6.565
nbodyjava,java,1,50000000,1644,6.630,33760,0,30% 0% 69% 1%,6.576
nbodyjava,java,1,50000000,1644,6.630,33544,0,2% 1% 0% 100%,6.576
nbodyjava,java,1,50000000,1644,6.611,33800,0,0% 0% 100% 1%,6.565
nbodyjava,java,1,50000000,1644,6.631,33484,0,99% 2% 0% 1%,6.578
nbodyjava,java,1,50000000,1644,6.621,33612,0,99% 1% 0% 1%,6.570
nbodyjava,java,1,50000000,1644,6.631,33520,0,1% 1% 1% 100%,6.576
nbodyjava,java,1,50000000,1644,6.615,33492,0,0% 0% 100% 1%,6.566
nbodyjava,java,1,50000000,1644,6.610,33464,0,31% 1% 69% 1%,6.565
nbodyjava,java,1,50000000,1644,6.611,33576,0,1% 100% 0% 0%,6.564
nbodyjava,java,1,50000000,1644,6.630,33584,0,99% 1% 0% 1%,6.577
nbodyjava,java,1,50000000,1644,6.612,33780,0,99% 1% 0% 1%,6.567
nbodyjava,java,1,50000000,1644,6.612,33500,0,99% 1% 0% 1%,6.565
nbodyjava,java,1,50000000,1644,6.632,33228,0,1% 1% 99% 1%,6.577
nbodyjava,java,1,50000000,1644,6.622,33612,0,1% 56% 0% 44%,6.574
nbodyjava,java,1,50000000,1644,6.608,33216,0,1% 0% 1% 100%,6.563
nbodyjava,java,1,50000000,1644,6.610,33660,0,0% 0% 99% 1%,6.563
nbodyjava,java,1,50000000,1644,6.618,33812,0,100% 1% 0% 1%,6.569
nbodyjava,java,1,50000000,1644,6.632,33268,0,99% 0% 0% 1%,6.578
nbodyjava,java,1,50000000,1644,6.630,33380,0,1% 100% 1% 1%,6.576
nbodyjava,java,1,50000000,1644,6.629,33428,0,1% 1% 100% 1%,6.574
nbodyjava,java,1,50000000,1644,6.612,33836,0,100% 1% 0% 0%,6.566
nbodyjava,java,1,50000000,1644,6.638,33516,0,1% 1% 100% 1%,6.582
nbodyjava,java,1,50000000,1644,6.617,33644,0,0% 1% 99% 0%,6.570
nbodyjava,java,1,50000000,1644,6.612,33620,0,0% 1% 100% 1%,6.564
nbodyjava,java,1,50000000,1644,6.612,33708,0,99% 1% 0% 1%,6.566
nbodyjava,java,1,50000000,1644,6.631,33456,0,1% 1% 0% 100%,6.576
nbodyjava,java,1,50000000,1644,6.627,33592,0,1% 0% 0% 100%,6.573
nbodyjava,java,1,50000000,1644,6.611,33660,0,1% 0% 1% 100%,6.565
nbodyjava,java,1,50000000,1644,6.627,33704,0,99% 1% 0% 1%,6.575
nbodyjava,java,1,50000000,1644,6.630,33860,0,1% 1% 100% 1%,6.576
nbodyjava,java,1,50000000,1644,6.627,33532,0,99% 1% 0% 2%,6.573
nbodyjava,java,1,50000000,1644,6.629,33252,0,0% 0% 100% 0%,6.574
nbodyjava,java,1,50000000,1644,6.614,33484,0,1% 0% 0% 100%,6.568
nbodyjava,java,1,50000000,1644,6.632,33728,0,0% 1% 100% 0%,6.577
nbodyjava,java,1,50000000,1644,6.629,33748,0,99% 2% 0% 2%,6.576
nbodyjava,java,1,50000000,1644,6.632,33772,0,1% 99% 1% 1%,6.578
nbodyjava,java,1,50000000,1644,6.609,33556,0,100% 0% 0% 1%,6.564
nbodyjava,java,1,50000000,1644,6.612,33504,0,1% 0% 1% 99%,6.565
nbodyjava,java,1,50000000,1644,6.612,33644,0,100% 1% 0% 1%,6.567
nbodyjava,java,1,50000000,1644,6.641,33492,0,100% 1% 1% 1%,6.584
nbodyjava,java,1,50000000,1644,6.633,33508,0,2% 6% 0% 94%,6.580
nbodyjava,java,1,50000000,1644,6.617,33920,0,100% 2% 0% 1%,6.568
nbodyjava,java,1,50000000,1644,6.612,33476,0,100% 1% 0% 1%,6.566
nbodyjava,java,1,50000000,1644,6.620,33712,0,99% 1% 0% 1%,6.570
nbodyjava,java,1,50000000,1644,6.613,33696,0,12% 1% 88% 1%,6.567
nbodyjava,java,1,50000000,1644,6.629,33296,0,1% 100% 1% 1%,6.574
nbodyjava,java,1,50000000,1644,6.611,33456,0,0% 1% 100% 0%,6.565
nbodyjava,java,1,50000000,1644,6.626,33680,0,2% 100% 1% 0%,6.574
nbodyjava,java,1,50000000,1644,6.636,33604,0,1% 1% 0% 100%,6.582
nbodyjava,java,1,50000000,1644,6.628,33836,0,99% 1% 0% 1%,6.574
nbodyjava,java,1,50000000,1644,6.632,33488,0,2% 1% 1% 100%,6.577
nbodyjava,java,1,50000000,1644,6.611,33512,0,1% 1% 99% 1%,6.565
nbodyjava,java,1,50000000,1644,6.613,33400,0,64% 0% 36% 2%,6.567
nbodyjava,java,1,50000000,1644,6.630,33604,0,100% 1% 1% 1%,6.576
nbodyjava,java,1,50000000,1644,6.630,33844,0,100% 1% 0% 0%,6.577
nbodyjava,java,1,50000000,1644,6.612,33840,0,100% 1% 0% 1%,6.566
nbodyjava,java,1,50000000,1644,6.630,33736,0,0% 1% 99% 1%,6.576
nbodyjava,java,1,50000000,1644,6.619,33784,0,0% 1% 100% 0%,6.572
nbodyjava,java,1,50000000,1644,6.611,33312,0,1% 0% 0% 100%,6.566
nbodyjava,java,1,50000000,1644,6.631,33660,0,2% 1% 1% 99%,6.575
nbodyjava,java,1,50000000,1644,6.607,33816,0,1% 0% 1% 100%,6.560
nbodyjava,java,1,50000000,1644,6.610,33356,0,1% 0% 1% 99%,6.564
nbodyjava,java,1,50000000,1644,6.609,33784,0,1% 0% 1% 100%,6.564
nbodyjava,java,1,50000000,1644,6.628,33560,0,2% 0% 2% 99%,6.575
nbodyjava,java,1,50000000,1644,6.614,33388,0,2% 21% 0% 79%,6.567
nbodyjava,java,1,50000000,1644,6.617,33684,0,1% 0% 1% 100%,6.566
nbodyjava,java,1,50000000,1644,6.609,33532,0,100% 1% 0% 1%,6.563
nbodyjava,java,1,50000000,1644,6.621,33704,0,2% 0% 1% 100%,6.571
nbodyjava,java,1,50000000,1644,6.618,33472,0,63% 37% 1% 1%,6.570
nbodyjava,java,1,50000000,1644,6.631,33652,0,1% 1% 1% 100%,6.576
nbodyjava,java,1,50000000,1644,6.608,33484,0,1% 0% 1% 100%,6.562
nbodyjava,java,1,50000000,1644,6.630,33496,0,1% 1% 100% 0%,6.575
nbodyjava,java,1,50000000,1644,6.608,33208,0,1% 0% 1% 100%,6.562
nbodyjava,java,1,50000000,1644,6.609,33736,0,2% 0% 1% 99%,6.563
nbodyjava,java,1,50000000,1644,6.632,33748,0,1% 1% 99% 1%,6.578
nbodyjava,java,1,50000000,1644,6.607,33600,0,0% 0% 1% 100%,6.561
nbodyjava,java,1,50000000,1644,6.618,33724,0,1% 0% 1% 100%,6.569
nbodyjava,java,1,50000000,1644,6.629,33180,0,1% 0% 1% 100%,6.573
nbodyjava,java,1,50000000,1644,6.627,33260,0,1% 1% 1% 99%,6.573
nbodyjava,java,1,50000000,1644,6.614,33756,0,1% 100% 1% 0%,6.566
nbodyjava,java,1,50000000,1644,6.613,33844,0,2% 99% 1% 0%,6.566
nbodyjava,java,1,50000000,1644,6.608,33520,0,1% 0% 1% 100%,6.562
nbodyjava,java,1,50000000,1644,6.609,33404,0,1% 100% 1% 0%,6.563
nbodyjava,java,1,50000000,1644,6.610,33464,0,1% 99% 1% 0%,6.564
nbodyjava,java,1,50000000,1644,6.630,33560,0,0% 1% 1% 100%,6.575
nbodyjava,java,1,50000000,1644,6.615,33844,0,100% 1% 0% 1%,6.568
nbodyjava,java,1,50000000,1644,6.637,33460,0,90% 11% 1% 0%,6.583
nbodyjava,java,1,50000000,1644,6.630,33748,0,1% 0% 100% 0%,6.576
nbodyjava,java,1,50000000,1644,6.612,33864,0,1% 0% 1% 100%,6.566
nbodyjava,java,1,50000000,1644,6.628,33572,0,2% 100% 1% 0%,6.574
nbodyjava,java,1,50000000,1644,6.622,33536,0,0% 0% 100% 0%,6.572
nbodyjava,java,1,50000000,1644,6.630,33360,0,1% 0% 100% 0%,6.575
nbodyjava,java,1,50000000,1644,6.630,33748,0,1% 0% 100% 0%,6.575
nbodyjava,java,1,50000000,1644,6.609,33840,0,1% 0% 1% 100%,6.562
nbodyjava,java,1,50000000,1644,6.640,33584,0,2% 83% 1% 18%,6.586
nbodyjava,java,1,50000000,1644,6.631,33364,0,2% 100% 1% 1%,6.576
nbodyjava,java,1,50000000,1644,6.614,33552,0,99% 1% 0% 1%,6.567
nbodyjava,java,1,50000000,1644,6.611,33492,0,1% 100% 0% 0%,6.565
nbodyjava,java,1,50000000,1644,6.633,33716,0,1% 1% 99% 1%,6.578
nbodyjava,java,1,50000000,1644,6.613,33864,0,100% 1% 0% 0%,6.567
nbodyjava,java,1,50000000,1644,6.612,33336,0,2% 100% 1% 0%,6.565
nbodyjava,java,1,50000000,1644,6.635,33840,0,2% 100% 0% 0%,6.578
nbodyjava,java,1,50000000,1644,6.628,33428,0,100% 1% 1% 1%,6.575
nbodyjava,java,1,50000000,1644,6.611,33452,0,2% 0% 0% 100%,6.565
nbodyjava,java,1,50000000,1644,6.632,33112,0,1% 1% 99% 1%,6.577
nbodyjava,java,1,50000000,1644,6.628,33504,0,99% 1% 1% 1%,6.578
nbodyjava,java,1,50000000,1644,6.623,33588,0,0% 1% 99% 1%,6.572
nbodyjava,java,1,50000000,1644,6.628,33588,0,2% 1% 1% 100%,6.575
nbodyjava,java,1,50000000,1644,6.613,33560,0,1% 99% 1% 0%,6.566
nbodyjava,java,1,50000000,1644,6.616,33720,0,1% 100% 0% 0%,6.570
nbodyjava,java,1,50000000,1644,6.631,33468,0,100% 1% 1% 0%,6.577
nbodyjava,java,1,50000000,1644,6.632,33524,0,0% 1% 99% 1%,6.577
nbodyjava,java,1,50000000,1644,6.634,33596,0,0% 1% 99% 1%,6.579
nbodyjava,java,1,50000000,1644,6.612,33480,0,99% 1% 0% 0%,6.565
nbodyjava,java,1,50000000,1644,6.632,33668,0,100% 1% 0% 1%,6.578
nbodyjava,java,1,50000000,1644,6.630,33252,0,2% 1% 1% 99%,6.576
nbodyjava,java,1,50000000,1644,6.612,33568,0,25% 1% 75% 1%,6.567
nbodyjava,java,1,50000000,1644,6.628,33744,0,2% 100% 0% 1%,6.574
nbodyjava,java,1,50000000,1644,6.628,33512,0,1% 1% 100% 1%,6.574
nbodyjava,java,1,50000000,1644,6.611,33832,0,100% 0% 0% 1%,6.565
nbodyjava,java,1,50000000,1644,6.630,33268,0,2% 1% 0% 100%,6.575
nbodyjava,java,1,50000000,1644,6.613,33680,0,100% 1% 0% 1%,6.566
nbodyjava,java,1,50000000,1644,6.623,33656,0,0% 1% 100% 0%,6.573
nbodyjava,java,1,50000000,1644,6.610,33772,0,0% 1% 100% 0%,6.565
nbodyjava,java,1,50000000,1644,6.609,33500,0,0% 1% 100% 0%,6.563
nbodyjava,java,1,50000000,1644,6.620,33500,0,0% 1% 100% 0%,6.569
nbodyjava,java,1,50000000,1644,6.629,33644,0,1% 1% 1% 99%,6.575
nbodyjava,java,1,50000000,1644,6.628,33432,0,2% 0% 0% 100%,6.574
nbodyjava,java,1,50000000,1644,6.622,33512,0,1% 99% 0% 1%,6.570
nbodyjava,java,1,50000000,1644,6.630,33652,0,0% 100% 0% 1%,6.576
nbodyjava,java,1,50000000,1644,6.622,33808,0,1% 1% 100% 0%,6.570
nbodyjava,java,1,50000000,1644,6.631,33692,0,1% 2% 100% 0%,6.577
nbodyjava,java,1,50000000,1644,6.640,34072,0,1% 1% 1% 100%,6.578
nbodyjava,java,1,50000000,1644,6.633,33632,0,100% 2% 1% 0%,6.579
nbodyjava,java,1,50000000,1644,6.626,33668,0,2% 99% 0% 1%,6.573
nbodyjava,java,1,50000000,1644,6.632,33488,0,1% 1% 100% 0%,6.578
nbodyjava,java,1,50000000,1644,6.608,33952,0,1% 0% 1% 100%,6.562
nbodyjava,java,1,50000000,1644,6.622,33676,0,100% 1% 0% 0%,6.572
nbodyjava,java,1,50000000,1644,6.633,33688,0,100% 2% 1% 0%,6.578
nbodyjava,java,1,50000000,1644,6.609,33724,0,2% 100% 0% 0%,6.563
nbodyjava,java,1,50000000,1644,6.632,33584,0,12% 1% 88% 1%,6.578
nbodyjava,java,1,50000000,1644,6.621,33584,0,100% 1% 0% 1%,6.571
nbodyjava,java,1,50000000,1644,6.611,33736,0,1% 0% 0% 99%,6.563
nbodyjava,java,1,50000000,1644,6.632,33588,0,1% 1% 99% 0%,6.577
nbodyjava,java,1,50000000,1644,6.629,33784,0,2% 99% 1% 1%,6.574
nbodyjava,java,1,50000000,1644,6.629,33420,0,100% 0% 1% 1%,6.574
nbodyjava,java,1,50000000,1644,6.622,33744,0,1% 100% 0% 0%,6.571
nbodyjava,java,1,50000000,1644,6.615,33368,0,99% 1% 1% 1%,6.566
nbodyjava,java,1,50000000,1644,6.611,33604,0,0% 0% 1% 100%,6.565
nbodyjava,java,1,50000000,1644,6.632,33712,0,1% 1% 100% 0%,6.577
nbodyjava,java,1,50000000,1644,6.612,33668,0,0% 1% 100% 1%,6.566
nbodyjava,java,1,50000000,1644,6.630,33724,0,1% 1% 100% 1%,6.575
nbodyjava,java,1,50000000,1644,6.628,33800,0,1% 0% 0% 100%,6.574
nbodyjava,java,1,50000000,1644,6.629,33752,0,100% 1% 1% 0%,6.573
nbodyjava,java,1,50000000,1644,6.621,33512,0,99% 1% 0% 1%,6.572
nbodyjava,java,1,50000000,1644,6.631,33416,0,1% 0% 99% 0%,6.576
nbodyjava,java,1,50000000,1644,6.611,33616,0,0% 0% 100% 1%,6.565
nbodyjava,java,1,50000000,1644,6.613,33556,0,2% 0% 98% 1%,6.566
nbodyjava,java,1,50000000,1644,6.631,33760,0,1% 1% 0% 100%,6.577
nbodyjava,java,1,50000000,1644,6.616,33668,0,100% 0% 0% 1%,6.569
nbodyjava,java,1,50000000,1644,6.630,33368,0,0% 0% 100% 1%,6.574
nbodyjava,java,1,50000000,1644,6.611,33684,0,43% 1% 57% 1%,6.564
nbodyjava,java,1,50000000,1644,6.631,33764,0,99% 1% 1% 1%,6.576
nbodyjava,java,1,50000000,1644,6.619,33596,0,100% 0% 0% 0%,6.571
nbodyjava,java,1,50000000,1644,6.614,33476,0,99% 0% 0% 1%,6.567
nbodyjava,java,1,50000000,1644,6.632,33120,0,99% 1% 0% 1%,6.577
nbodyjava,java,1,50000000,1644,6.615,33860,0,0% 1% 99% 1%,6.568
nbodyjava,java,1,50000000,1644,6.629,33664,0,0% 1% 99% 1%,6.576
nbodyjava,java,1,50000000,1644,6.611,33540,0,100% 1% 0% 1%,6.565
nbodyjava,java,1,50000000,1644,6.631,33732,0,99% 1% 0% 1%,6.577
nbodyjava,java,1,50000000,1644,6.611,33804,0,99% 1% 0% 1%,6.565
nbodyjava,java,1,50000000,1644,6.629,33204,0,1% 0% 100% 0%,6.574
nbodyjava,java,1,50000000,1644,6.632,33344,0,0% 1% 100% 0%,6.577
nbodyjava,java,1,50000000,1644,6.610,33616,0,100% 1% 0% 1%,6.564
nbodyjava,java,1,50000000,1644,6.613,33720,0,0% 1% 99% 0%,6.567
nbodyjava,java,1,50000000,1644,6.629,33624,0,1% 1% 0% 100%,6.574
nbodyjava,java,1,50000000,1644,6.629,33676,0,100% 2% 1% 1%,6.575
nbodyjava,java,1,50000000,1644,6.632,33688,0,1% 1% 1% 100%,6.577
nbodyjava,java,1,50000000,1644,6.632,33840,0,99% 1% 0% 1%,6.578
nbodyjava,java,1,50000000,1644,6.616,33720,0,1% 100% 0% 0%,6.568
nbodyjava,java,1,50000000,1644,6.631,33512,0,1% 1% 0% 100%,6.576
nbodyjava,java,1,50000000,1644,6.612,33640,0,1% 0% 99% 1%,6.564
nbodyjava,java,1,50000000,1644,6.616,33752,0,2% 0% 1% 100%,6.568
nbodyjava,java,1,50000000,1644,6.613,33928,0,49% 0% 51% 1%,6.566
nbodyjava,java,1,50000000,1644,6.611,33796,0,99% 1% 0% 1%,6.564
nbodyjava,java,1,50000000,1644,6.631,33496,0,2% 99% 1% 1%,6.577
nbodyjava,java,1,50000000,1644,6.613,33752,0,100% 2% 0% 1%,6.567
nbodyjava,java,1,50000000,1644,6.612,33640,0,1% 100% 1% 0%,6.565
nbodyjava,java,1,50000000,1644,6.630,33696,0,2% 99% 0% 1%,6.576
nbodyjava,java,1,50000000,1644,6.613,33612,0,2% 100% 1% 0%,6.566
nbodyjava,java,1,50000000,1644,6.631,33572,0,0% 1% 99% 1%,6.577
nbodyjava,java,1,50000000,1644,6.628,33616,0,100% 1% 0% 0%,6.574
nbodyjava,java,1,50000000,1644,6.630,33340,0,1% 1% 0% 100%,6.575
nbodyktconv,kt,1,50000000,1507,6.899,34168,0,1% 0% 1% 100%,6.845
nbodyktconv,kt,1,50000000,1507,6.927,34468,0,1% 1% 100% 0%,6.864
nbodyktconv,kt,1,50000000,1507,6.926,34344,0,2% 1% 1% 99%,6.862
nbodyktconv,kt,1,50000000,1507,6.905,34544,0,1% 0% 1% 99%,6.851
nbodyktconv,kt,1,50000000,1507,6.905,34640,0,100% 1% 0% 1%,6.850
nbodyktconv,kt,1,50000000,1507,6.929,34428,0,1% 1% 1% 99%,6.866
nbodyktconv,kt,1,50000000,1507,6.908,34684,0,1% 1% 99% 1%,6.852
nbodyktconv,kt,1,50000000,1507,6.927,34724,0,99% 1% 0% 1%,6.863
nbodyktconv,kt,1,50000000,1507,6.905,34364,0,100% 0% 0% 1%,6.851
nbodyktconv,kt,1,50000000,1507,6.925,34504,0,100% 2% 1% 1%,6.861
nbodyktconv,kt,1,50000000,1507,6.929,34556,0,1% 1% 1% 99%,6.864
nbodyktconv,kt,1,50000000,1507,6.903,34508,0,1% 1% 99% 1%,6.848
nbodyktconv,kt,1,50000000,1507,6.904,34492,0,0% 1% 100% 1%,6.850
nbodyktconv,kt,1,50000000,1507,6.925,34700,0,1% 1% 0% 100%,6.861
nbodyktconv,kt,1,50000000,1507,6.907,34556,0,100% 0% 0% 1%,6.852
nbodyktconv,kt,1,50000000,1507,6.905,34720,0,0% 0% 1% 100%,6.851
nbodyktconv,kt,1,50000000,1507,6.925,34596,0,2% 99% 1% 0%,6.861
nbodyktconv,kt,1,50000000,1507,6.926,34392,0,1% 1% 0% 100%,6.862
nbodyktconv,kt,1,50000000,1507,6.904,34544,0,100% 1% 0% 1%,6.850
nbodyktconv,kt,1,50000000,1507,6.906,34440,0,1% 1% 99% 1%,6.852
nbodyktconv,kt,1,50000000,1507,6.904,34520,0,1% 0% 1% 99%,6.850
nbodyktconv,kt,1,50000000,1507,6.927,34384,0,100% 0% 1% 1%,6.862
nbodyktconv,kt,1,50000000,1507,6.924,34632,0,0% 99% 0% 1%,6.861
nbodyktconv,kt,1,50000000,1507,6.907,34472,0,100% 1% 0% 1%,6.852
nbodyktconv,kt,1,50000000,1507,6.903,34512,0,0% 1% 99% 1%,6.849
nbodyktconv,kt,1,50000000,1507,6.926,34684,0,100% 1% 1% 1%,6.862
nbodyktconv,kt,1,50000000,1507,6.928,34392,0,1% 1% 1% 99%,6.863
nbodyktconv,kt,1,50000000,1507,6.906,34236,0,0% 1% 100% 0%,6.851
nbodyktconv,kt,1,50000000,1507,6.929,34484,0,1% 1% 1% 100%,6.866
nbodyktconv,kt,1,50000000,1507,6.920,34560,0,99% 1% 1% 2%,6.858
nbodyktconv,kt,1,50000000,1507,6.928,34628,0,1% 1% 99% 1%,6.863
nbodyktconv,kt,1,50000000,1507,6.925,34564,0,100% 0% 1% 1%,6.860
nbodyktconv,kt,1,50000000,1507,6.924,34576,0,1% 100% 0% 1%,6.861
nbodyktconv,kt,1,50000000,1507,6.926,34504,0,1% 100% 0% 1%,6.862
nbodyktconv,kt,1,50000000,1507,6.904,34680,0,0% 1% 100% 0%,6.850
nbodyktconv,kt,1,50000000,1507,6.928,34580,0,2% 100% 1% 1%,6.864
nbodyktconv,kt,1,50000000,1507,6.926,34544,0,1% 100% 1% 1%,6.863
nbodyktconv,kt,1,50000000,1507,6.906,34612,0,0% 1% 100% 1%,6.852
nbodyktconv,kt,1,50000000,1507,6.905,34540,0,100% 1% 0% 1%,6.851
nbodyktconv,kt,1,50000000,1507,6.934,34432,0,64% 1% 36% 0%,6.867
nbodyktconv,kt,1,50000000,1507,6.924,34456,0,99% 1% 0% 2%,6.861
nbodyktconv,kt,1,50000000,1507,6.906,34416,0,0% 1% 99% 0%,6.851
nbodyktconv,kt,1,50000000,1507,6.924,34628,0,100% 1% 1% 1%,6.861
nbodyktconv,kt,1,50000000,1507,6.906,34488,0,2% 100% 1% 0%,6.853
nbodyktconv,kt,1,50000000,1507,6.932,34660,0,2% 100% 1% 1%,6.869
nbodyktconv,kt,1,50000000,1507,6.903,34472,0,0% 1% 99% 0%,6.848
nbodyktconv,kt,1,50000000,1507,6.909,34524,0,22% 79% 0% 1%,6.855
nbodyktconv,kt,1,50000000,1507,6.927,34524,0,1% 1% 100% 0%,6.863
nbodyktconv,kt,1,50000000,1507,6.910,34264,0,99% 1% 0% 1%,6.853
nbodyktconv,kt,1,50000000,1507,6.915,34616,0,1% 1% 99% 0%,6.857
nbodyktconv,kt,1,50000000,1507,6.904,34220,0,0% 0% 99% 1%,6.849
nbodyktconv,kt,1,50000000,1507,6.905,34560,0,2% 1% 98% 1%,6.851
nbodyktconv,kt,1,50000000,1507,6.905,34620,0,0% 1% 100% 0%,6.851
nbodyktconv,kt,1,50000000,1507,6.926,34304,0,1% 100% 1% 1%,6.862
nbodyktconv,kt,1,50000000,1507,6.934,34372,0,1% 1% 1% 99%,6.869
nbodyktconv,kt,1,50000000,1507,6.905,34616,0,0% 1% 100% 1%,6.849
nbodyktconv,kt,1,50000000,1507,6.906,34748,0,99% 0% 0% 1%,6.852
nbodyktconv,kt,1,50000000,1507,6.929,34564,0,1% 99% 1% 1%,6.864
nbodyktconv,kt,1,50000000,1507,6.902,34676,0,0% 1% 100% 0%,6.849
nbodyktconv,kt,1,50000000,1507,6.903,34308,0,99% 1% 0% 1%,6.849
nbodyktconv,kt,1,50000000,1507,6.919,34640,0,100% 1% 0% 1%,6.858
nbodyktconv,kt,1,50000000,1507,6.908,34584,0,1% 1% 1% 99%,6.853
nbodyktconv,kt,1,50000000,1507,6.928,34340,0,2% 1% 0% 100%,6.865
nbodyktconv,kt,1,50000000,1507,6.906,34728,0,1% 0% 1% 100%,6.852
nbodyktconv,kt,1,50000000,1507,6.917,34496,0,1% 1% 1% 100%,6.857
nbodyktconv,kt,1,50000000,1507,6.925,34512,0,1% 1% 0% 100%,6.861
nbodyktconv,kt,1,50000000,1507,6.905,34216,0,100% 1% 0% 1%,6.850
nbodyktconv,kt,1,50000000,1507,6.906,34480,0,0% 1% 100% 0%,6.852
nbodyktconv,kt,1,50000000,1507,6.924,34576,0,100% 0% 1% 0%,6.860
nbodyktconv,kt,1,50000000,1507,6.908,34560,0,0% 1% 100% 0%,6.851
nbodyktconv,kt,1,50000000,1507,6.925,34544,0,100% 1% 1% 0%,6.862
nbodyktconv,kt,1,50000000,1507,6.925,34376,0,100% 1% 1% 0%,6.862
nbodyktconv,kt,1,50000000,1507,6.905,34496,0,0% 1% 99% 1%,6.852
nbodyktconv,kt,1,50000000,1507,6.924,34484,0,100% 1% 1% 1%,6.861
nbodyktconv,kt,1,50000000,1507,6.925,34580,0,100% 1% 1% 0%,6.861
nbodyktconv,kt,1,50000000,1507,6.930,34396,0,2% 100% 1% 1%,6.866
nbodyktconv,kt,1,50000000,1507,6.926,34600,0,1% 100% 0% 1%,6.859
nbodyktconv,kt,1,50000000,1507,6.923,34572,0,1% 100% 1% 1%,6.860
nbodyktconv,kt,1,50000000,1507,6.903,34700,0,1% 100% 1% 0%,6.849
nbodyktconv,kt,1,50000000,1507,6.905,34388,0,0% 1% 100% 0%,6.851
nbodyktconv,kt,1,50000000,1507,6.926,34592,0,1% 2% 100% 0%,6.862
nbodyktconv,kt,1,50000000,1507,6.906,34556,0,0% 1% 100% 1%,6.851
nbodyktconv,kt,1,50000000,1507,6.904,34612,0,99% 0% 0% 1%,6.849
nbodyktconv,kt,1,50000000,1507,6.906,34532,0,0% 1% 100% 1%,6.853
nbodyktconv,kt,1,50000000,1507,6.904,34704,0,0% 1% 100% 0%,6.849
nbodyktconv,kt,1,50000000,1507,6.904,34604,0,99% 1% 0% 1%,6.850
nbodyktconv,kt,1,50000000,1507,6.928,34504,0,1% 1% 0% 100%,6.864
nbodyktconv,kt,1,50000000,1507,6.905,34528,0,2% 0% 1% 100%,6.850
nbodyktconv,kt,1,50000000,1507,6.932,34672,0,1% 1% 0% 100%,6.868
nbodyktconv,kt,1,50000000,1507,6.904,34280,0,99% 1% 0% 1%,6.850
nbodyktconv,kt,1,50000000,1507,6.912,34516,0,2% 99% 1% 0%,6.855
nbodyktconv,kt,1,50000000,1507,6.912,34372,0,100% 1% 0% 0%,6.853
nbodyktconv,kt,1,50000000,1507,6.931,34436,0,2% 99% 1% 1%,6.865
nbodyktconv,kt,1,50000000,1507,6.916,34312,0,99% 0% 1% 1%,6.856
nbodyktconv,kt,1,50000000,1507,6.904,34436,0,0% 1% 99% 0%,6.850
nbodyktconv,kt,1,50000000,1507,6.929,34628,0,0% 100% 1% 1%,6.865
nbodyktconv,kt,1,50000000,1507,6.922,34368,0,99% 1% 0% 1%,6.860
nbodyktconv,kt,1,50000000,1507,6.936,34500,0,2% 1% 0% 100%,6.873
nbodyktconv,kt,1,50000000,1507,6.921,34624,0,99% 1% 1% 1%,6.861
nbodyktconv,kt,1,50000000,1507,6.919,34440,0,100% 1% 0% 1%,6.859
nbodyktconv,kt,1,50000000,1507,6.926,34652,0,1% 0% 1% 99%,6.863
nbodyktconv,kt,1,50000000,1507,6.928,34536,0,99% 1% 0% 1%,6.864
nbodyktconv,kt,1,50000000,1507,6.938,34564,0,1% 1% 1% 99%,6.871
nbodyktconv,kt,1,50000000,1507,6.903,34400,0,100% 0% 0% 1%,6.849
nbodyktconv,kt,1,50000000,1507,6.930,34496,0,1% 0% 100% 1%,6.866
nbodyktconv,kt,1,50000000,1507,6.909,34564,0,100% 0% 0% 1%,6.855
nbodyktconv,kt,1,50000000,1507,6.906,34364,0,100% 1% 0% 1%,6.853
nbodyktconv,kt,1,50000000,1507,6.927,34376,0,1% 1% 0% 100%,6.864
nbodyktconv,kt,1,50000000,1507,6.925,34416,0,2% 99% 0% 1%,6.861
nbodyktconv,kt,1,50000000,1507,6.912,34608,0,1% 1% 1% 99%,6.853
nbodyktconv,kt,1,50000000,1507,6.924,34532,0,100% 0% 1% 1%,6.861
nbodyktconv,kt,1,50000000,1507,6.905,34308,0,99% 0% 0% 1%,6.850
nbodyktconv,kt,1,50000000,1507,6.925,34408,0,100% 1% 1% 0%,6.860
nbodyktconv,kt,1,50000000,1507,6.910,34660,0,0% 1% 99% 1%,6.854
nbodyktconv,kt,1,50000000,1507,6.927,34696,0,1% 1% 1% 99%,6.862
nbodyktconv,kt,1,50000000,1507,6.926,34272,0,1% 1% 0% 100%,6.862
nbodyktconv,kt,1,50000000,1507,6.926,34688,0,2% 100% 0% 1%,6.864
nbodyktconv,kt,1,50000000,1507,6.911,34624,0,1% 1% 100% 0%,6.853
nbodyktconv,kt,1,50000000,1507,6.905,34632,0,0% 1% 99% 0%,6.850
nbodyktconv,kt,1,50000000,1507,6.902,34712,0,100% 0% 0% 1%,6.849
nbodyktconv,kt,1,50000000,1507,6.923,34520,0,100% 1% 1% 1%,6.860
nbodyktconv,kt,1,50000000,1507,6.916,34484,0,0% 1% 1% 99%,6.856
nbodyktconv,kt,1,50000000,1507,6.905,34612,0,99% 0% 0% 1%,6.851
nbodyktconv,kt,1,50000000,1507,6.915,34284,0,0% 1% 100% 1%,6.857
nbodyktconv,kt,1,50000000,1507,6.930,34584,0,1% 1% 100% 1%,6.866
nbodyktconv,kt,1,50000000,1507,6.908,34572,0,99% 1% 0% 1%,6.852
nbodyktconv,kt,1,50000000,1507,6.923,34256,0,100% 1% 1% 0%,6.860
nbodyktconv,kt,1,50000000,1507,6.927,34568,0,1% 1% 1% 100%,6.863
nbodyktconv,kt,1,50000000,1507,6.919,34444,0,99% 1% 0% 1%,6.857
nbodyktconv,kt,1,50000000,1507,6.930,34732,0,0% 1% 99% 1%,6.864
nbodyktconv,kt,1,50000000,1507,6.925,34580,0,99% 1% 0% 2%,6.862
nbodyktconv,kt,1,50000000,1507,6.916,34552,0,1% 100% 0% 0%,6.857
nbodyktconv,kt,1,50000000,1507,6.930,34288,0,79% 1% 22% 1%,6.866
nbodyktconv,kt,1,50000000,1507,6.925,34592,0,1% 1% 99% 1%,6.862
nbodyktconv,kt,1,50000000,1507,6.926,34144,0,1% 1% 1% 100%,6.862
nbodyktconv,kt,1,50000000,1507,6.925,34524,0,3% 1% 0% 100%,6.863
nbodyktconv,kt,1,50000000,1507,6.904,34672,0,99% 0% 0% 1%,6.849
nbodyktconv,kt,1,50000000,1507,6.925,34368,0,100% 1% 1% 0%,6.860
nbodyktconv,kt,1,50000000,1507,6.927,34504,0,2% 99% 1% 1%,6.863
nbodyktconv,kt,1,50000000,1507,6.915,34484,0,99% 1% 0% 1%,6.856
nbodyktconv,kt,1,50000000,1507,6.932,34604,0,1% 1% 1% 100%,6.868
nbodyktconv,kt,1,50000000,1507,6.925,34472,0,1% 1% 0% 100%,6.863
nbodyktconv,kt,1,50000000,1507,6.913,34284,0,1% 0% 1% 100%,6.857
nbodyktconv,kt,1,50000000,1507,6.925,34484,0,1% 0% 1% 99%,6.862
nbodyktconv,kt,1,50000000,1507,6.902,34484,0,100% 1% 0% 1%,6.848
nbodyktconv,kt,1,50000000,1507,6.907,34524,0,99% 1% 0% 1%,6.853
nbodyktconv,kt,1,50000000,1507,6.929,34488,0,1% 0% 99% 1%,6.864
nbodyktconv,kt,1,50000000,1507,6.926,34604,0,0% 0% 99% 1%,6.861
nbodyktconv,kt,1,50000000,1507,6.913,34604,0,99% 1% 0% 1%,6.854
nbodyktconv,kt,1,50000000,1507,6.906,34432,0,100% 1% 0% 1%,6.851
nbodyktconv,kt,1,50000000,1507,6.913,34516,0,2% 100% 0% 0%,6.860
nbodyktconv,kt,1,50000000,1507,6.914,34636,0,1% 99% 1% 1%,6.857
nbodyktconv,kt,1,50000000,1507,6.916,34620,0,99% 1% 1% 0%,6.856
nbodyktconv,kt,1,50000000,1507,6.926,34504,0,1% 1% 0% 100%,6.862
nbodyktconv,kt,1,50000000,1507,6.928,34544,0,1% 99% 0% 0%,6.864
nbodyktconv,kt,1,50000000,1507,6.907,34444,0,0% 1% 100% 0%,6.854
nbodyktconv,kt,1,50000000,1507,6.904,34212,0,0% 0% 1% 100%,6.849
nbodyktconv,kt,1,50000000,1507,6.925,34316,0,100% 1% 1% 0%,6.861
nbodyktconv,kt,1,50000000,1507,6.926,34472,0,1% 1% 99% 0%,6.862
nbodyktconv,kt,1,50000000,1507,6.910,34404,0,1% 0% 1% 99%,6.855
nbodyktconv,kt,1,50000000,1507,6.927,34520,0,100% 1% 1% 0%,6.862
nbodyktconv,kt,1,50000000,1507,6.926,34528,0,100% 1% 1% 1%,6.863
nbodyktconv,kt,1,50000000,1507,6.904,34612,0,1% 0% 1% 100%,6.850
nbodyktconv,kt,1,50000000,1507,6.907,34656,0,1% 1% 1% 99%,6.852
nbodyktconv,kt,1,50000000,1507,6.905,34664,0,2% 99% 0% 0%,6.851
nbodyktconv,kt,1,50000000,1507,6.906,34484,0,1% 100% 1% 0%,6.851
nbodyktconv,kt,1,50000000,1507,6.917,34428,0,2% 1% 0% 99%,6.857
nbodyktconv,kt,1,50000000,1507,6.907,34396,0,1% 54% 1% 45%,6.854
nbodyktconv,kt,1,50000000,1507,6.925,34596,0,1% 100% 1% 1%,6.862
nbodyktconv,kt,1,50000000,1507,6.924,34584,0,100% 1% 1% 0%,6.861
nbodyktconv,kt,1,50000000,1507,6.904,34592,0,1% 100% 0% 0%,6.849
nbodyktconv,kt,1,50000000,1507,6.926,34580,0,100% 1% 1% 0%,6.864
nbodyktconv,kt,1,50000000,1507,6.917,34580,0,100% 1% 1% 1%,6.857
nbodyktconv,kt,1,50000000,1507,6.929,34668,0,1% 2% 99% 0%,6.865
nbodyktconv,kt,1,50000000,1507,6.903,34352,0,1% 0% 1% 100%,6.849
nbodyktconv,kt,1,50000000,1507,6.929,34600,0,100% 1% 1% 1%,6.865
nbodyktconv,kt,1,50000000,1507,6.930,34616,0,1% 1% 99% 1%,6.865
nbodyktconv,kt,1,50000000,1507,6.901,34456,0,1% 0% 1% 100%,6.848
nbodyktconv,kt,1,50000000,1507,6.902,34544,0,1% 99% 1% 0%,6.848
nbodyktconv,kt,1,50000000,1507,6.904,34536,0,1% 100% 0% 0%,6.852
nbodyktconv,kt,1,50000000,1507,6.928,34580,0,0% 1% 1% 100%,6.864
nbodyktconv,kt,1,50000000,1507,6.928,34672,0,100% 1% 1% 0%,6.864
nbodyktconv,kt,1,50000000,1507,6.922,34420,0,2% 99% 1% 0%,6.859
nbodyktconv,kt,1,50000000,1507,6.921,34632,0,2% 99% 1% 0%,6.859
nbodyktconv,kt,1,50000000,1507,6.906,34636,0,1% 100% 1% 0%,6.853
nbodyktconv,kt,1,50000000,1507,6.923,34536,0,100% 0% 1% 0%,6.862
nbodyktconv,kt,1,50000000,1507,6.913,34372,0,3% 1% 1% 99%,6.853
nbodyktconv,kt,1,50000000,1507,6.924,34648,0,0% 1% 100% 0%,6.860
nbodyktconv,kt,1,50000000,1507,6.926,34532,0,1% 1% 100% 0%,6.863
nbodyktconv,kt,1,50000000,1507,6.904,34592,0,1% 0% 1% 100%,6.850
nbodyktconv,kt,1,50000000,1507,6.924,34568,0,1% 100% 1% 1%,6.861
nbodyktconv,kt,1,50000000,1507,6.927,34588,0,2% 1% 0% 100%,6.862
nbodyktconv,kt,1,50000000,1507,6.923,34540,0,1% 0% 1% 99%,6.861
nbodyktconv,kt,1,50000000,1507,6.904,34388,0,1% 0% 1% 100%,6.850
nbodyktconv,kt,1,50000000,1507,6.907,34316,0,2% 99% 0% 0%,6.853
nbodyktconv,kt,1,50000000,1507,6.924,34388,0,1% 100% 0% 1%,6.859
nbodyktconv,kt,1,50000000,1507,6.906,34392,0,1% 99% 0% 0%,6.851
nbodyktconv,kt,1,50000000,1507,6.929,34336,0,100% 1% 1% 0%,6.865
nbodyktconv,kt,1,50000000,1507,6.901,34544,0,2% 100% 0% 0%,6.847
nbodyktconv,kt,1,50000000,1507,6.902,34412,0,1% 0% 0% 99%,6.847
nbodyktconv,kt,1,50000000,1507,6.910,34384,0,100% 0% 0% 1%,6.852
nbodyktconv,kt,1,50000000,1507,6.902,34332,0,1% 100% 1% 0%,6.847
nbodyktconv,kt,1,50000000,1507,6.939,34500,0,2% 99% 1% 1%,6.876
nbodyktconv,kt,1,50000000,1507,6.923,34624,0,1% 1% 1% 100%,6.862
nbodyktconv,kt,1,50000000,1507,6.925,34548,0,1% 99% 1% 0%,6.862
nbodyktconv,kt,1,50000000,1507,6.913,34608,0,1% 0% 1% 99%,6.856
nbodyktconv,kt,1,50000000,1507,6.924,34480,0,1% 99% 0% 1%,6.860
nbodyktconv,kt,1,50000000,1507,6.927,34308,0,99% 1% 1% 1%,6.863
nbodyktconv,kt,1,50000000,1507,6.915,34504,0,1% 100% 1% 0%,6.856
nbodyktconv,kt,1,50000000,1507,6.906,34720,0,1% 100% 1% 0%,6.851
nbodyktconv,kt,1,50000000,1507,6.932,34512,0,1% 0% 100% 0%,6.870
nbodyktconv,kt,1,50000000,1507,6.904,34612,0,1% 0% 1% 100%,6.850
nbodyktconv,kt,1,50000000,1507,6.924,34628,0,100% 2% 1% 0%,6.862
nbodyktconv,kt,1,50000000,1507,6.904,34680,0,1% 100% 0% 0%,6.850
nbodyktconv,kt,1,50000000,1507,6.928,34588,0,1% 1% 99% 1%,6.864
nbodyktconv,kt,1,50000000,1507,6.904,34404,0,1% 0% 1% 100%,6.850
nbodyktconv,kt,1,50000000,1507,6.928,34532,0,1% 1% 100% 1%,6.864
nbodyktconv,kt,1,50000000,1507,6.914,34440,0,0% 0% 100% 0%,6.857
nbodyktconv,kt,1,50000000,1507,6.904,34512,0,0% 0% 1% 100%,6.850
nbodyktconv,kt,1,50000000,1507,6.903,34604,0,1% 100% 1% 0%,6.850
nbodyktconv,kt,1,50000000,1507,6.929,34412,0,1% 1% 0% 99%,6.865
nbodyktconv,kt,1,50000000,1507,6.907,34348,0,100% 0% 0% 1%,6.852
nbodyktconv,kt,1,50000000,1507,6.925,34652,0,1% 1% 1% 100%,6.862
nbodyktconv,kt,1,50000000,1507,6.928,34672,0,1% 1% 100% 0%,6.864
nbodyktconv,kt,1,50000000,1507,6.926,34584,0,1% 0% 1% 99%,6.861
nbodyktconv,kt,1,50000000,1507,6.925,34568,0,1% 1% 0% 100%,6.861
nbodyktconv,kt,1,50000000,1507,6.904,34580,0,1% 100% 1% 0%,6.850
nbodyktconv,kt,1,50000000,1507,6.905,34376,0,1% 0% 1% 100%,6.851
nbodyktconv,kt,1,50000000,1507,6.926,34708,0,3% 100% 0% 1%,6.862
nbodyktconv,kt,1,50000000,1507,6.910,34528,0,2% 99% 1% 0%,6.854
nbodyktconv,kt,1,50000000,1507,6.926,34520,0,99% 1% 1% 1%,6.862
nbodyktconv,kt,1,50000000,1507,6.912,34600,0,1% 1% 99% 0%,6.855
nbodyktconv,kt,1,50000000,1507,6.905,34388,0,1% 0% 1% 100%,6.851
nbodyktconv,kt,1,50000000,1507,6.916,34604,0,2% 0% 1% 100%,6.857
nbodyktconv,kt,1,50000000,1507,6.902,34496,0,1% 100% 1% 0%,6.848
nbodyktconv,kt,1,50000000,1507,6.924,34644,0,3% 99% 0% 1%,6.861
nbodyktconv,kt,1,50000000,1507,6.927,34360,0,1% 100% 0% 1%,6.863
nbodyktconv,kt,1,50000000,1507,6.914,34632,0,1% 1% 1% 99%,6.859
nbodyktconv,kt,1,50000000,1507,6.931,34596,0,0% 100% 1% 1%,6.868
nbodyktconv,kt,1,50000000,1507,6.927,34620,0,1% 0% 100% 1%,6.864
nbodyktconv,kt,1,50000000,1507,6.927,34512,0,1% 1% 100% 1%,6.863
nbodyktconv,kt,1,50000000,1507,6.929,34612,0,99% 1% 1% 1%,6.864
nbodyktconv,kt,1,50000000,1507,6.904,34624,0,1% 0% 1% 100%,6.849
nbodyktconv,kt,1,50000000,1507,6.916,34516,0,1% 99% 1% 0%,6.857
nbodyktconv,kt,1,50000000,1507,6.903,34632,0,1% 100% 0% 0%,6.850
nbodyktconv,kt,1,50000000,1507,6.933,34464,0,100% 2% 1% 1%,6.869
nbodyktconv,kt,1,50000000,1507,6.927,34612,0,2% 100% 0% 1%,6.861
nbodyktconv,kt,1,50000000,1507,6.920,34544,0,100% 1% 1% 1%,6.859
nbodyktconv,kt,1,50000000,1507,6.926,34648,0,3% 99% 1% 1%,6.862
nbodyktconv,kt,1,50000000,1507,6.924,34416,0,2% 1% 0% 100%,6.860
nbodyktconv,kt,1,50000000,1507,6.914,34364,0,2% 100% 1% 0%,6.855
nbodyktconv,kt,1,50000000,1507,6.927,34220,0,99% 1% 1% 1%,6.863
nbodyktconv,kt,1,50000000,1507,6.929,34628,0,93% 1% 7% 1%,6.865
nbodyktconv,kt,1,50000000,1507,6.926,34576,0,100% 1% 1% 0%,6.862
nbodyktconv,kt,1,50000000,1507,6.925,34616,0,3% 99% 1% 0%,6.862
nbodyktconv,kt,1,50000000,1507,6.929,34536,0,1% 1% 99% 0%,6.865
nbodyktconv,kt,1,50000000,1507,6.920,34592,0,2% 86% 14% 0%,6.860
nbodyktconv,kt,1,50000000,1507,6.905,34320,0,1% 0% 1% 100%,6.850
nbodyktconv,kt,1,50000000,1507,6.902,34552,0,2% 99% 1% 0%,6.848
nbodyktconv,kt,1,50000000,1507,6.925,34644,0,1% 99% 1% 0%,6.861
nbodyktconv,kt,1,50000000,1507,6.905,34592,0,1% 1% 0% 99%,6.850
nbodyktconv,kt,1,50000000,1507,6.913,34424,0,1% 99% 0% 1%,6.857
nbodyktconv,kt,1,50000000,1507,6.907,34580,0,0% 1% 100% 1%,6.852
nbodyktconv,kt,1,50000000,1507,6.924,34564,0,1% 1% 100% 1%,6.864
nbodyktconv,kt,1,50000000,1507,6.928,34448,0,0% 1% 100% 1%,6.864
nbodyktconv,kt,1,50000000,1507,6.927,34580,0,100% 1% 1% 1%,6.863
nbodyktconv,kt,1,50000000,1507,6.926,34540,0,1% 1% 99% 1%,6.862
nbodyktconv,kt,1,50000000,1507,6.921,34628,0,100% 1% 1% 0%,6.862
nbodyktconv,kt,1,50000000,1507,6.918,34576,0,2% 99% 0% 0%,6.859
nbodyktconv,kt,1,50000000,1507,6.926,34600,0,1% 0% 2% 99%,6.862
nbodyktconv,kt,1,50000000,1507,6.906,34248,0,1% 0% 1% 100%,6.851
nbodyktconv,kt,1,50000000,1507,6.928,34540,0,1% 1% 99% 0%,6.863
nbodyktconv,kt,1,50000000,1507,6.911,34548,0,2% 1% 1% 99%,6.857
nbodyktconv,kt,1,50000000,1507,6.929,34476,0,1% 0% 2% 99%,6.866
nbodyktconv,kt,1,50000000,1507,6.927,34372,0,1% 1% 100% 0%,6.863
nbodyktconv,kt,1,50000000,1507,6.900,34544,0,1% 0% 1% 100%,6.847
nbodyktconv,kt,1,50000000,1507,6.929,34428,0,1% 1% 100% 0%,6.864
nbodyktconv,kt,1,50000000,1507,6.928,34520,0,99% 1% 1% 1%,6.863
nbodyktconv,kt,1,50000000,1507,6.927,34452,0,99% 1% 1% 1%,6.862
nbodyktconv,kt,1,50000000,1507,6.929,34520,0,1% 2% 99% 0%,6.864
nbodyktconv,kt,1,50000000,1507,6.934,34436,0,100% 1% 1% 1%,6.870
nbodyktconv,kt,1,50000000,1507,6.929,34436,0,1% 1% 99% 1%,6.864
nbodyktconv,kt,1,50000000,1507,6.933,34516,0,1% 1% 1% 99%,6.869
nbodyktconv,kt,1,50000000,1507,6.905,34292,0,1% 100% 0% 0%,6.849
nbodyktconv,kt,1,50000000,1507,6.927,34564,0,1% 99% 1% 1%,6.862
nbodyktconv,kt,1,50000000,1507,6.927,34400,0,100% 1% 1% 0%,6.862
nbodyktconv,kt,1,50000000,1507,6.924,34504,0,2% 100% 1% 1%,6.861
nbodyktconv,kt,1,50000000,1507,6.926,34460,0,1% 0% 100% 0%,6.863
nbodyktconv,kt,1,50000000,1507,6.909,34616,0,1% 0% 1% 100%,6.852
nbodyktconv,kt,1,50000000,1507,6.932,34412,0,3% 99% 1% 0%,6.870
nbodyktconv,kt,1,50000000,1507,6.925,34520,0,1% 1% 1% 100%,6.862
nbodyktconv,kt,1,50000000,1507,6.929,34480,0,2% 1% 1% 100%,6.864
nbodyktconv,kt,1,50000000,1507,6.916,34576,0,1% 1% 99% 0%,6.857
nbodyktconv,kt,1,50000000,1507,6.927,34352,0,99% 1% 1% 1%,6.862
nbodyktconv,kt,1,50000000,1507,6.911,34536,0,2% 32% 0% 68%,6.855
nbodyktconv,kt,1,50000000,1507,6.902,34580,0,1% 100% 0% 0%,6.849
nbodyktconv,kt,1,50000000,1507,6.928,34524,0,1% 100% 0% 1%,6.863
nbodyktconv,kt,1,50000000,1507,6.927,34464,0,1% 100% 0% 1%,6.862
nbodyktconv,kt,1,50000000,1507,6.924,34236,0,1% 1% 99% 1%,6.861
nbodyktconv,kt,1,50000000,1507,6.917,34432,0,1% 1% 1% 100%,6.858
nbodyktconv,kt,1,50000000,1507,6.916,34436,0,2% 99% 1% 0%,6.857
nbodyktconv,kt,1,50000000,1507,6.929,34640,0,1% 1% 99% 1%,6.864
nbodyktconv,kt,1,50000000,1507,6.915,35072,0,1% 0% 1% 100%,6.851
nbodyktconv,kt,1,50000000,1507,6.927,34452,0,1% 1% 1% 99%,6.862
nbodyktconv,kt,1,50000000,1507,6.902,34704,0,1% 0% 1% 100%,6.849
nbodyktconv,kt,1,50000000,1507,6.925,34480,0,99% 1% 1% 1%,6.862
nbodyktconv,kt,1,50000000,1507,6.928,34360,0,2% 99% 1% 1%,6.864
nbodyktconv,kt,1,50000000,1507,6.934,34424,0,1% 1% 100% 0%,6.870
nbodyktconv,kt,1,50000000,1507,6.911,34376,0,1% 1% 1% 100%,6.857
nbodyktconv,kt,1,50000000,1507,6.920,34660,0,100% 1% 1% 1%,6.859
nbodyktconv,kt,1,50000000,1507,6.925,34524,0,100% 1% 1% 0%,6.861
nbodyktconv,kt,1,50000000,1507,6.928,34552,0,1% 99% 1% 0%,6.863
nbodyktconv,kt,1,50000000,1507,6.928,34400,0,1% 0% 100% 0%,6.864
nbodyktconv,kt,1,50000000,1507,6.912,34848,0,1% 0% 1% 100%,6.848
nbodyktconv,kt,1,50000000,1507,6.928,34360,0,44% 1% 57% 0%,6.864
nbodyktconv,kt,1,50000000,1507,6.906,34508,0,1% 99% 1% 0%,6.852
nbodyktconv,kt,1,50000000,1507,6.917,34620,0,1% 1% 100% 0%,6.859
nbodyktconv,kt,1,50000000,1507,6.927,34532,0,1% 1% 100% 0%,6.864
nbodyktconv,kt,1,50000000,1507,6.909,34476,0,1% 0% 1% 99%,6.853
nbodyktconv,kt,1,50000000,1507,6.906,34412,0,1% 0% 1% 99%,6.851
nbodyktconv,kt,1,50000000,1507,6.905,34620,0,1% 1% 1% 100%,6.849
nbodyktconv,kt,1,50000000,1507,6.913,34244,0,1% 1% 1% 100%,6.854
nbodyktconv,kt,1,50000000,1507,6.921,34452,0,0% 0% 1% 100%,6.860
nbodyktconv,kt,1,50000000,1507,6.907,34560,0,1% 100% 1% 0%,6.852
nbodyktconv,kt,1,50000000,1507,6.927,34472,0,100% 1% 1% 1%,6.865
nbodyktconv,kt,1,50000000,1507,6.928,34272,0,100% 2% 1% 0%,6.864
nbodyktconv,kt,1,50000000,1507,6.928,34456,0,100% 1% 1% 1%,6.864
nbodyktconv,kt,1,50000000,1507,6.926,34608,0,99% 1% 1% 1%,6.863
nbodyktconv,kt,1,50000000,1507,6.926,34480,0,1% 1% 1% 100%,6.863
nbodyktconv,kt,1,50000000,1507,6.907,34320,0,0% 0% 99% 1%,6.852
nbodyktconv,kt,1,50000000,1507,6.904,34532,0,100% 0% 0% 1%,6.850
nbodyktconv,kt,1,50000000,1507,6.908,34508,0,99% 0% 0% 1%,6.853
nbodyktconv,kt,1,50000000,1507,6.925,34564,0,99% 0% 1% 1%,6.861
nbodyktconv,kt,1,50000000,1507,6.932,34420,0,1% 0% 100% 1%,6.866
nbodyktconv,kt,1,50000000,1507,6.921,34516,0,1% 99% 1% 1%,6.863
nbodyktconv,kt,1,50000000,1507,6.904,34600,0,0% 1% 100% 0%,6.850
nbodyktconv,kt,1,50000000,1507,6.925,34660,0,1% 1% 0% 100%,6.862
nbodyktconv,kt,1,50000000,1507,6.920,34580,0,2% 1% 1% 100%,6.859
nbodyktconv,kt,1,50000000,1507,6.903,34632,0,99% 1% 0% 1%,6.848
nbodyktconv,kt,1,50000000,1507,6.927,34652,0,100% 1% 1% 1%,6.861
nbodyktconv,kt,1,50000000,1507,6.907,34472,0,0% 1% 100% 0%,6.852
nbodyktconv,kt,1,50000000,1507,6.927,34608,0,26% 1% 74% 1%,6.863
nbodyktconv,kt,1,50000000,1507,6.903,34592,0,100% 1% 0% 1%,6.849
nbodyktconv,kt,1,50000000,1507,6.914,34532,0,81% 1% 19% 1%,6.859
nbodyktconv,kt,1,50000000,1507,6.926,34556,0,99% 0% 0% 2%,6.862
nbodyktconv,kt,1,50000000,1507,6.904,34508,0,1% 100% 0% 0%,6.850
nbodyktconv,kt,1,50000000,1507,6.905,34632,0,99% 0% 0% 1%,6.850
nbodyktconv,kt,1,50000000,1507,6.927,34572,0,99% 1% 0% 2%,6.863
nbodyktconv,kt,1,50000000,1507,6.907,34564,0,0% 1% 100% 0%,6.851
nbodyktconv,kt,1,50000000,1507,6.904,34472,0,100% 1% 0% 1%,6.850
nbodyktconv,kt,1,50000000,1507,6.930,34664,0,0% 1% 99% 1%,6.866
nbodyktconv,kt,1,50000000,1507,6.904,34476,0,100% 0% 0% 1%,6.851
nbodyktconv,kt,1,50000000,1507,6.907,34420,0,1% 99% 0% 0%,6.854
nbodyktconv,kt,1,50000000,1507,6.928,34480,0,1% 100% 0% 1%,6.864
nbodyktconv,kt,1,50000000,1507,6.915,34984,0,0% 1% 100% 0%,6.851
nbodyktconv,kt,1,50000000,1507,6.921,34616,0,1% 99% 0% 1%,6.861
nbodyktconv,kt,1,50000000,1507,6.906,34588,0,0% 1% 100% 0%,6.852
nbodyktconv,kt,1,50000000,1507,6.917,34480,0,1% 1% 0% 99%,6.859
nbodyktconv,kt,1,50000000,1507,6.911,34388,0,100% 1% 0% 1%,6.854
nbodyktconv,kt,1,50000000,1507,6.935,34396,0,1% 1% 100% 1%,6.871
nbodyktconv,kt,1,50000000,1507,6.907,34732,0,0% 0% 100% 1%,6.852
nbodyktconv,kt,1,50000000,1507,6.927,34380,0,2% 1% 0% 100%,6.864
nbodyktconv,kt,1,50000000,1507,6.913,34376,0,1% 1% 99% 1%,6.853
nbodyktconv,kt,1,50000000,1507,6.926,34684,0,100% 1% 1% 0%,6.863
nbodyktconv,kt,1,50000000,1507,6.910,34496,0,2% 0% 1% 100%,6.854
nbodyktconv,kt,1,50000000,1507,6.925,34424,0,99% 1% 0% 1%,6.861
nbodyktconv,kt,1,50000000,1507,6.913,34420,0,0% 1% 100% 1%,6.854
nbodyktconv,kt,1,50000000,1507,6.928,34660,0,1% 1% 100% 0%,6.864
nbodyktconv,kt,1,50000000,1507,6.917,34468,0,1% 99% 1% 1%,6.857
nbodyktconv,kt,1,50000000,1507,6.927,34632,0,1% 1% 99% 1%,6.864
nbodyktconv,kt,1,50000000,1507,6.928,34656,0,1% 100% 0% 1%,6.864
nbodyktconv,kt,1,50000000,1507,6.919,34524,0,1% 1% 100% 0%,6.857
nbodyktconv,kt,1,50000000,1507,6.928,34480,0,100% 1% 1% 1%,6.865
nbodyktconv,kt,1,50000000,1507,6.928,34440,0,1% 1% 1% 99%,6.864
nbodyktconv,kt,1,50000000,1507,6.927,34652,0,1% 1% 1% 100%,6.863
nbodyktconv,kt,1,50000000,1507,6.926,34372,0,1% 1% 0% 100%,6.862
nbodyktconv,kt,1,50000000,1507,6.932,34488,0,2% 99% 0% 1%,6.867
nbodyktconv,kt,1,50000000,1507,6.905,34600,0,1% 0% 1% 99%,6.851
nbodyktconv,kt,1,50000000,1507,6.917,34348,0,0% 1% 100% 1%,6.858
nbodyktconv,kt,1,50000000,1507,6.903,34384,0,0% 1% 100% 0%,6.850
nbodyktconv,kt,1,50000000,1507,6.912,34596,0,100% 1% 0% 1%,6.853
nbodyktconv,kt,1,50000000,1507,6.914,34444,0,0% 1% 100% 1%,6.855
nbodyktconv,kt,1,50000000,1507,6.919,34684,0,99% 1% 0% 1%,6.857
nbodyktconv,kt,1,50000000,1507,6.904,34616,0,0% 0% 99% 1%,6.850
nbodyktconv,kt,1,50000000,1507,6.926,34576,0,99% 1% 1% 1%,6.861
nbodyktconv,kt,1,50000000,1507,6.921,34664,0,1% 1% 0% 100%,6.861
nbodyktconv,kt,1,50000000,1507,6.900,34772,0,100% 1% 0% 1%,6.847
nbodyktconv,kt,1,50000000,1507,6.931,34492,0,1% 99% 1% 1%,6.865
nbodyktconv,kt,1,50000000,1507,6.918,34636,0,79% 1% 21% 1%,6.858
nbodyktconv,kt,1,50000000,1507,6.929,34532,0,99% 1% 1% 1%,6.863
nbodyktconv,kt,1,50000000,1507,6.915,34584,0,0% 0% 1% 100%,6.857
nbodyktconv,kt,1,50000000,1507,6.905,34584,0,1% 0% 99% 1%,6.850
nbodyktconv,kt,1,50000000,1507,6.928,34656,0,1% 1% 0% 100%,6.864
nbodyktconv,kt,1,50000000,1507,6.902,34572,0,1% 0% 1% 100%,6.849
nbodyktconv,kt,1,50000000,1507,6.914,34352,0,100% 1% 0% 1%,6.858
nbodyktconv,kt,1,50000000,1507,6.929,34496,0,0% 0% 100% 1%,6.863
nbodyktconv,kt,1,50000000,1507,6.905,34568,0,100% 1% 0% 1%,6.852
nbodyktconv,kt,1,50000000,1507,6.924,34576,0,100% 1% 1% 1%,6.861
nbodyktconv,kt,1,50000000,1507,6.906,34568,0,100% 1% 0% 1%,6.851
nbodyktconv,kt,1,50000000,1507,6.929,34344,0,0% 100% 0% 1%,6.863
nbodyktconv,kt,1,50000000,1507,6.926,34036,0,1% 100% 0% 1%,6.862
nbodyktconv,kt,1,50000000,1507,6.927,34528,0,1% 1% 100% 0%,6.863
nbodyktconv,kt,1,50000000,1507,6.905,34392,0,0% 1% 100% 0%,6.851
nbodyktconv,kt,1,50000000,1507,6.928,34416,0,100% 1% 1% 1%,6.863
nbodyktconv,kt,1,50000000,1507,6.933,34644,0,1% 100% 0% 1%,6.869
nbodyktconv,kt,1,50000000,1507,6.901,34624,0,0% 1% 99% 0%,6.848
nbodyktconv,kt,1,50000000,1507,6.925,34392,0,2% 100% 0% 1%,6.860
nbodyktconv,kt,1,50000000,1507,6.921,34496,0,100% 1% 1% 1%,6.859
nbodyktconv,kt,1,50000000,1507,6.926,34492,0,1% 1% 0% 100%,6.862
nbodyktconv,kt,1,50000000,1507,6.925,34600,0,100% 1% 1% 0%,6.861
nbodyktconv,kt,1,50000000,1507,6.918,34620,0,2% 99% 0% 1%,6.858
nbodyktconv,kt,1,50000000,1507,6.906,34576,0,99% 1% 0% 1%,6.852
nbodyktconv,kt,1,50000000,1507,6.917,34560,0,3% 99% 0% 0%,6.863
nbodyktconv,kt,1,50000000,1507,6.917,34608,0,72% 1% 29% 1%,6.859
nbodyktconv,kt,1,50000000,1507,6.927,34576,0,2% 100% 0% 1%,6.862
nbodyktconv,kt,1,50000000,1507,6.927,34472,0,1% 1% 1% 100%,6.863
nbodyktconv,kt,1,50000000,1507,6.904,34568,0,100% 0% 0% 1%,6.850
nbodyktconv,kt,1,50000000,1507,6.924,34544,0,1% 1% 1% 99%,6.861
nbodyktconv,kt,1,50000000,1507,6.929,34476,0,100% 1% 1% 1%,6.864
nbodyktconv,kt,1,50000000,1507,6.921,34380,0,0% 2% 99% 0%,6.858
nbodyktconv,kt,1,50000000,1507,6.908,34616,0,0% 1% 100% 0%,6.855
nbodyktconv,kt,1,50000000,1507,6.906,34652,0,100% 1% 0% 2%,6.852
nbodyktconv,kt,1,50000000,1507,6.929,34464,0,1% 1% 1% 99%,6.864
nbodyktconv,kt,1,50000000,1507,6.912,34652,0,1% 1% 99% 1%,6.855
nbodyktconv,kt,1,50000000,1507,6.925,34424,0,0% 1% 0% 100%,6.861
nbodyktconv,kt,1,50000000,1507,6.928,34572,0,2% 99% 1% 1%,6.864
nbodyktconv,kt,1,50000000,1507,6.923,34424,0,1% 0% 100% 1%,6.859
nbodyktconv,kt,1,50000000,1507,6.925,34492,0,1% 1% 1% 99%,6.861
nbodyktconv,kt,1,50000000,1507,6.919,34412,0,0% 0% 0% 100%,6.859
nbodyktconv,kt,1,50000000,1507,6.932,34516,0,2% 93% 2% 7%,6.868
nbodyktconv,kt,1,50000000,1507,6.907,34580,0,0% 1% 100% 0%,6.852
nbodyktconv,kt,1,50000000,1507,6.913,34512,0,0% 1% 100% 1%,6.858
nbodyktconv,kt,1,50000000,1507,6.925,34616,0,1% 100% 0% 1%,6.861
nbodyktconv,kt,1,50000000,1507,6.904,34516,0,1% 100% 0% 0%,6.851
nbodyktconv,kt,1,50000000,1507,6.926,34580,0,100% 1% 1% 1%,6.861
nbodyktconv,kt,1,50000000,1507,6.926,34632,0,99% 0% 0% 0%,6.862
nbodyktconv,kt,1,50000000,1507,6.908,34164,0,99% 0% 1% 1%,6.853
nbodyktconv,kt,1,50000000,1507,6.926,34460,0,1% 0% 1% 99%,6.861
nbodyktconv,kt,1,50000000,1507,6.926,34224,0,2% 99% 1% 0%,6.863
nbodyktconv,kt,1,50000000,1507,6.925,34608,0,99% 1% 1% 1%,6.862
nbodyktconv,kt,1,50000000,1507,6.929,34668,0,2% 99% 1% 1%,6.864
nbodyktconv,kt,1,50000000,1507,6.924,34620,0,1% 26% 1% 74%,6.862
nbodyktconv,kt,1,50000000,1507,6.926,34580,0,1% 1% 0% 100%,6.863
nbodyktconv,kt,1,50000000,1507,6.906,34612,0,0% 0% 99% 1%,6.851
nbodyktconv,kt,1,50000000,1507,6.907,34500,0,0% 0% 100% 0%,6.853
nbodyktconv,kt,1,50000000,1507,6.918,34584,0,100% 1% 0% 1%,6.858
nbodyktconv,kt,1,50000000,1507,6.923,34644,0,3% 1% 3% 100%,6.868
nbodyktconv,kt,1,50000000,1507,6.912,34456,0,2% 0% 0% 100%,6.859
nbodyktconv,kt,1,50000000,1507,6.937,34564,0,2% 1% 1% 100%,6.874
nbodyktconv,kt,1,50000000,1507,6.908,34568,0,0% 1% 100% 0%,6.853
nbodyktconv,kt,1,50000000,1507,6.932,34440,0,1% 1% 100% 1%,6.867
nbodyktconv,kt,1,50000000,1507,6.909,34632,0,0% 1% 100% 0%,6.852
nbodyktconv,kt,1,50000000,1507,6.929,34448,0,2% 1% 0% 100%,6.866
nbodyktconv,kt,1,50000000,1507,6.925,34528,0,1% 1% 1% 100%,6.862
nbodyktconv,kt,1,50000000,1507,6.929,34572,0,37% 1% 62% 1%,6.864
nbodyktconv,kt,1,50000000,1507,6.904,34376,0,100% 0% 0% 1%,6.850
nbodyktconv,kt,1,50000000,1507,6.928,34556,0,0% 1% 0% 100%,6.863
nbodyktconv,kt,1,50000000,1507,6.910,34272,0,0% 1% 99% 0%,6.856
nbodyktconv,kt,1,50000000,1507,6.906,34556,0,0% 1% 100% 0%,6.851
nbodyktconv,kt,1,50000000,1507,6.903,34620,0,100% 0% 0% 1%,6.848
nbodyktconv,kt,1,50000000,1507,6.926,34524,0,1% 1% 1% 100%,6.861
nbodyktconv,kt,1,50000000,1507,6.918,34628,0,1% 0% 0% 100%,6.858
nbodyktconv,kt,1,50000000,1507,6.918,34492,0,99% 0% 1% 1%,6.858
nbodyktconv,kt,1,50000000,1507,6.935,34628,0,1% 1% 99% 1%,6.868
nbodyktconv,kt,1,50000000,1507,6.910,34464,0,1% 92% 0% 8%,6.857
nbodyktconv,kt,1,50000000,1507,6.947,34460,0,2% 2% 100% 0%,6.885
nbodyktconv,kt,1,50000000,1507,6.914,34396,0,100% 1% 0% 1%,6.856
nbodyktconv,kt,1,50000000,1507,6.926,34608,0,49% 1% 51% 0%,6.863
nbodyktconv,kt,1,50000000,1507,6.905,34584,0,0% 1% 100% 0%,6.851
nbodyktconv,kt,1,50000000,1507,6.925,34696,0,1% 0% 100% 0%,6.862
nbodyktconv,kt,1,50000000,1507,6.903,34560,0,100% 1% 0% 1%,6.848
nbodyktconv,kt,1,50000000,1507,6.927,34584,0,1% 1% 0% 100%,6.864
nbodyktconv,kt,1,50000000,1507,6.903,34424,0,100% 1% 0% 1%,6.849
nbodyktconv,kt,1,50000000,1507,6.926,34480,0,1% 1% 0% 100%,6.866
nbodyktconv,kt,1,50000000,1507,6.917,34496,0,2% 99% 0% 1%,6.857
nbodyktconv,kt,1,50000000,1507,6.929,34588,0,1% 99% 1% 1%,6.864
nbodyktconv,kt,1,50000000,1507,6.902,34536,0,0% 1% 100% 1%,6.848
nbodyktconv,kt,1,50000000,1507,6.902,34692,0,99% 1% 0% 1%,6.848
nbodyktconv,kt,1,50000000,1507,6.929,34308,0,1% 99% 1% 1%,6.864
nbodyktconv,kt,1,50000000,1507,6.926,34544,0,2% 100% 0% 1%,6.863
nbodyktconv,kt,1,50000000,1507,6.912,34296,0,99% 2% 0% 1%,6.855
nbodyktconv,kt,1,50000000,1507,6.920,34548,0,0% 1% 99% 1%,6.859
nbodyktconv,kt,1,50000000,1507,6.930,34516,0,3% 1% 0% 100%,6.867
nbodyktconv,kt,1,50000000,1507,6.909,34432,0,100% 1% 0% 1%,6.854
nbodyktconv,kt,1,50000000,1507,6.912,34432,0,1% 99% 1% 0%,6.854
nbodyktconv,kt,1,50000000,1507,6.929,34524,0,1% 0% 1% 99%,6.865
nbodyktconv,kt,1,50000000,1507,6.908,34456,0,1% 99% 0% 0%,6.853
nbodyktconv,kt,1,50000000,1507,6.927,34320,0,1% 0% 100% 1%,6.864
nbodyktconv,kt,1,50000000,1507,6.908,34276,0,0% 0% 1% 100%,6.852
nbodyktconv,kt,1,50000000,1507,6.903,34480,0,0% 0% 1% 100%,6.849
nbodyktconv,kt,1,50000000,1507,6.933,34680,0,100% 1% 1% 0%,6.870
nbodyktconv,kt,1,50000000,1507,6.905,34616,0,99% 1% 0% 1%,6.850
nbodyktconv,kt,1,50000000,1507,6.932,34552,0,100% 3% 1% 1%,6.868
nbodyktconv,kt,1,50000000,1507,6.925,34560,0,100% 1% 1% 0%,6.863
nbodyktconv,kt,1,50000000,1507,6.925,34604,0,1% 1% 99% 1%,6.860
nbodyktconv,kt,1,50000000,1507,6.908,34368,0,1% 0% 1% 100%,6.852
nbodyktconv,kt,1,50000000,1507,6.918,34588,0,0% 1% 99% 1%,6.858
nbodyktconv,kt,1,50000000,1507,6.918,34556,0,2% 99% 0% 0%,6.858
nbodyktconv,kt,1,50000000,1507,6.924,34632,0,99% 2% 0% 2%,6.861
nbodyktconv,kt,1,50000000,1507,6.924,34416,0,2% 100% 1% 0%,6.867
nbodyktidiom,kt,1,50000000,1481,6.645,34548,0,99% 1% 0% 1%,6.590
nbodyktidiom,kt,1,50000000,1481,6.643,34556,0,1% 99% 0% 0%,6.586
nbodyktidiom,kt,1,50000000,1481,6.643,34160,0,0% 1% 99% 0%,6.588
nbodyktidiom,kt,1,50000000,1481,6.642,34712,0,100% 0% 0% 1%,6.588
nbodyktidiom,kt,1,50000000,1481,6.639,34728,0,1% 99% 0% 0%,6.585
nbodyktidiom,kt,1,50000000,1481,6.667,34512,0,1% 1% 99% 1%,6.601
nbodyktidiom,kt,1,50000000,1481,6.646,34576,0,100% 1% 0% 0%,6.589
nbodyktidiom,kt,1,50000000,1481,6.652,34448,0,1% 1% 99% 1%,6.593
nbodyktidiom,kt,1,50000000,1481,6.664,34600,0,1% 1% 99% 1%,6.598
nbodyktidiom,kt,1,50000000,1481,6.668,34576,0,1% 99% 1% 1%,6.603
nbodyktidiom,kt,1,50000000,1481,6.641,34736,0,1% 0% 99% 1%,6.586
nbodyktidiom,kt,1,50000000,1481,6.661,34452,0,100% 1% 1% 0%,6.598
nbodyktidiom,kt,1,50000000,1481,6.662,34504,0,100% 1% 1% 0%,6.598
nbodyktidiom,kt,1,50000000,1481,6.640,34444,0,1% 100% 0% 0%,6.586
nbodyktidiom,kt,1,50000000,1481,6.640,34424,0,1% 100% 0% 0%,6.586
nbodyktidiom,kt,1,50000000,1481,6.660,34312,0,100% 1% 1% 0%,6.596
nbodyktidiom,kt,1,50000000,1481,6.641,34444,0,2% 100% 1% 0%,6.587
nbodyktidiom,kt,1,50000000,1481,6.668,34604,0,99% 2% 0% 1%,6.603
nbodyktidiom,kt,1,50000000,1481,6.639,34516,0,1% 0% 1% 100%,6.584
nbodyktidiom,kt,1,50000000,1481,6.663,34556,0,1% 1% 1% 100%,6.598
nbodyktidiom,kt,1,50000000,1481,6.637,34420,0,100% 1% 0% 1%,6.584
nbodyktidiom,kt,1,50000000,1481,6.643,34428,0,1% 0% 1% 100%,6.588
nbodyktidiom,kt,1,50000000,1481,6.660,34432,0,1% 0% 0% 100%,6.596
nbodyktidiom,kt,1,50000000,1481,6.648,34400,0,0% 1% 100% 1%,6.588
nbodyktidiom,kt,1,50000000,1481,6.660,34516,0,1% 1% 100% 0%,6.596
nbodyktidiom,kt,1,50000000,1481,6.645,34384,0,0% 0% 1% 100%,6.589
nbodyktidiom,kt,1,50000000,1481,6.640,34684,0,4% 1% 96% 1%,6.586
nbodyktidiom,kt,1,50000000,1481,6.669,34404,0,1% 1% 0% 100%,6.604
nbodyktidiom,kt,1,50000000,1481,6.639,34580,0,99% 1% 0% 1%,6.585
nbodyktidiom,kt,1,50000000,1481,6.665,34580,0,99% 2% 0% 1%,6.601
nbodyktidiom,kt,1,50000000,1481,6.643,34516,0,100% 1% 0% 1%,6.589
nbodyktidiom,kt,1,50000000,1481,6.657,34640,0,1% 0% 1% 100%,6.597
nbodyktidiom,kt,1,50000000,1481,6.665,34524,0,99% 0% 1% 1%,6.600
nbodyktidiom,kt,1,50000000,1481,6.650,34612,0,1% 1% 1% 100%,6.591
nbodyktidiom,kt,1,50000000,1481,6.639,34664,0,100% 1% 0% 1%,6.586
nbodyktidiom,kt,1,50000000,1481,6.663,34664,0,1% 1% 1% 100%,6.599
nbodyktidiom,kt,1,50000000,1481,6.662,34544,0,1% 1% 1% 100%,6.598
nbodyktidiom,kt,1,50000000,1481,6.660,34680,0,2% 1% 0% 100%,6.597
nbodyktidiom,kt,1,50000000,1481,6.663,34444,0,99% 1% 0% 1%,6.599
nbodyktidiom,kt,1,50000000,1481,6.663,34596,0,0% 1% 99% 0%,6.599
nbodyktidiom,kt,1,50000000,1481,6.662,34504,0,99% 0% 0% 1%,6.598
nbodyktidiom,kt,1,50000000,1481,6.640,34516,0,99% 1% 0% 1%,6.586
nbodyktidiom,kt,1,50000000,1481,6.666,34232,0,1% 1% 1% 100%,6.601
nbodyktidiom,kt,1,50000000,1481,6.663,34456,0,1% 100% 0% 1%,6.599
nbodyktidiom,kt,1,50000000,1481,6.638,34500,0,78% 2% 22% 1%,6.585
nbodyktidiom,kt,1,50000000,1481,6.659,34512,0,99% 2% 1% 1%,6.596
nbodyktidiom,kt,1,50000000,1481,6.663,34588,0,1% 100% 1% 1%,6.599
nbodyktidiom,kt,1,50000000,1481,6.638,34460,0,0% 1% 100% 1%,6.584
nbodyktidiom,kt,1,50000000,1481,6.640,34428,0,2% 0% 98% 1%,6.585
nbodyktidiom,kt,1,50000000,1481,6.661,34536,0,100% 0% 1% 2%,6.597
nbodyktidiom,kt,1,50000000,1481,6.663,34164,0,1% 1% 100% 1%,6.599
nbodyktidiom,kt,1,50000000,1481,6.661,34536,0,1% 99% 1% 1%,6.598
nbodyktidiom,kt,1,50000000,1481,6.661,34640,0,2% 99% 1% 1%,6.597
nbodyktidiom,kt,1,50000000,1481,6.663,34568,0,100% 0% 0% 1%,6.599
nbodyktidiom,kt,1,50000000,1481,6.639,34456,0,1% 0% 1% 99%,6.585
nbodyktidiom,kt,1,50000000,1481,6.642,34612,0,2% 100% 0% 0%,6.589
nbodyktidiom,kt,1,50000000,1481,6.638,34592,0,0% 1% 100% 0%,6.584
nbodyktidiom,kt,1,50000000,1481,6.662,34580,0,100% 0% 1% 1%,6.597
nbodyktidiom,kt,1,50000000,1481,6.663,34344,0,1% 0% 99% 1%,6.598
nbodyktidiom,kt,1,50000000,1481,6.638,34580,0,1% 1% 99% 1%,6.584
nbodyktidiom,kt,1,50000000,1481,6.659,34456,0,100% 0% 1% 0%,6.595
nbodyktidiom,kt,1,50000000,1481,6.640,34336,0,0% 1% 100% 1%,6.586
nbodyktidiom,kt,1,50000000,1481,6.636,34392,0,100% 2% 0% 1%,6.583
nbodyktidiom,kt,1,50000000,1481,6.640,34644,0,1% 0% 1% 100%,6.585
nbodyktidiom,kt,1,50000000,1481,6.661,34584,0,99% 1% 0% 1%,6.598
nbodyktidiom,kt,1,50000000,1481,6.654,34536,0,100% 1% 1% 1%,6.593
nbodyktidiom,kt,1,50000000,1481,6.663,34696,0,0% 1% 0% 100%,6.599
nbodyktidiom,kt,1,50000000,1481,6.638,34484,0,0% 0% 100% 1%,6.585
nbodyktidiom,kt,1,50000000,1481,6.639,34632,0,0% 1% 100% 0%,6.585
nbodyktidiom,kt,1,50000000,1481,6.639,34452,0,0% 1% 99% 1%,6.585
nbodyktidiom,kt,1,50000000,1481,6.638,34608,0,0% 1% 100% 0%,6.584
nbodyktidiom,kt,1,50000000,1481,6.648,34596,0,1% 1% 100% 0%,6.593
nbodyktidiom,kt,1,50000000,1481,6.648,34472,0,1% 1% 1% 99%,6.588
nbodyktidiom,kt,1,50000000,1481,6.654,34492,0,100% 1% 1% 1%,6.594
nbodyktidiom,kt,1,50000000,1481,6.660,34580,0,1% 0% 100% 0%,6.596
nbodyktidiom,kt,1,50000000,1481,6.642,34552,0,0% 0% 99% 1%,6.589
nbodyktidiom,kt,1,50000000,1481,6.663,34452,0,0% 2% 99% 1%,6.598
nbodyktidiom,kt,1,50000000,1481,6.639,34204,0,99% 0% 0% 1%,6.584
nbodyktidiom,kt,1,50000000,1481,6.642,34176,0,0% 1% 99% 0%,6.588
nbodyktidiom,kt,1,50000000,1481,6.643,34292,0,0% 1% 100% 0%,6.588
nbodyktidiom,kt,1,50000000,1481,6.642,34596,0,0% 1% 100% 1%,6.587
nbodyktidiom,kt,1,50000000,1481,6.644,34572,0,1% 91% 2% 8%,6.590
nbodyktidiom,kt,1,50000000,1481,6.643,34656,0,0% 1% 100% 0%,6.590
nbodyktidiom,kt,1,50000000,1481,6.660,34436,0,51% 1% 48% 1%,6.597
nbodyktidiom,kt,1,50000000,1481,6.661,34552,0,100% 1% 1% 1%,6.597
nbodyktidiom,kt,1,50000000,1481,6.663,34404,0,1% 1% 100% 1%,6.598
nbodyktidiom,kt,1,50000000,1481,6.660,34636,0,100% 1% 1% 0%,6.597
nbodyktidiom,kt,1,50000000,1481,6.659,34656,0,15% 1% 85% 1%,6.598
nbodyktidiom,kt,1,50000000,1481,6.664,34524,0,0% 1% 99% 1%,6.599
nbodyktidiom,kt,1,50000000,1481,6.665,34628,0,1% 100% 1% 1%,6.601
nbodyktidiom,kt,1,50000000,1481,6.661,34572,0,79% 2% 21% 0%,6.598
nbodyktidiom,kt,1,50000000,1481,6.664,34596,0,1% 100% 0% 1%,6.601
nbodyktidiom,kt,1,50000000,1481,6.663,34516,0,1% 2% 99% 1%,6.600
nbodyktidiom,kt,1,50000000,1481,6.639,34640,0,0% 1% 100% 0%,6.585
nbodyktidiom,kt,1,50000000,1481,6.655,34608,0,1% 100% 0% 0%,6.594
nbodyktidiom,kt,1,50000000,1481,6.653,34496,0,33% 1% 67% 1%,6.594
nbodyktidiom,kt,1,50000000,1481,6.641,34588,0,0% 1% 100% 1%,6.587
nbodyktidiom,kt,1,50000000,1481,6.660,34608,0,0% 1% 1% 100%,6.594
nbodyktidiom,kt,1,50000000,1481,6.648,34132,0,0% 1% 1% 100%,6.590
nbodyktidiom,kt,1,50000000,1481,6.664,34528,0,99% 1% 1% 1%,6.599
nbodyktidiom,kt,1,50000000,1481,6.666,34552,0,1% 1% 1% 100%,6.602
nbodyktidiom,kt,1,50000000,1481,6.658,34424,0,0% 1% 0% 100%,6.596
nbodyktidiom,kt,1,50000000,1481,6.640,34568,0,99% 0% 0% 1%,6.586
nbodyktidiom,kt,1,50000000,1481,6.665,34560,0,1% 1% 1% 99%,6.599
nbodyktidiom,kt,1,50000000,1481,6.642,34660,0,99% 1% 0% 1%,6.587
nbodyktidiom,kt,1,50000000,1481,6.665,34516,0,100% 1% 1% 0%,6.601
nbodyktidiom,kt,1,50000000,1481,6.641,34576,0,99% 0% 0% 1%,6.586
nbodyktidiom,kt,1,50000000,1481,6.648,34356,0,0% 1% 99% 0%,6.593
nbodyktidiom,kt,1,50000000,1481,6.658,34624,0,100% 0% 0% 1%,6.597
nbodyktidiom,kt,1,50000000,1481,6.656,34444,0,1% 1% 1% 99%,6.595
nbodyktidiom,kt,1,50000000,1481,6.640,34680,0,2% 0% 0% 100%,6.586
nbodyktidiom,kt,1,50000000,1481,6.648,34472,0,100% 1% 0% 1%,6.591
nbodyktidiom,kt,1,50000000,1481,6.652,34584,0,1% 1% 99% 0%,6.594
nbodyktidiom,kt,1,50000000,1481,6.663,34500,0,1% 1% 0% 100%,6.598
nbodyktidiom,kt,1,50000000,1481,6.663,34652,0,1% 1% 0% 100%,6.598
nbodyktidiom,kt,1,50000000,1481,6.649,34556,0,99% 0% 0% 1%,6.590
nbodyktidiom,kt,1,50000000,1481,6.667,34500,0,2% 99% 0% 1%,6.601
nbodyktidiom,kt,1,50000000,1481,6.648,34544,0,0% 1% 99% 1%,6.594
nbodyktidiom,kt,1,50000000,1481,6.641,34504,0,100% 2% 0% 1%,6.588
nbodyktidiom,kt,1,50000000,1481,6.663,34588,0,1% 100% 0% 1%,6.599
nbodyktidiom,kt,1,50000000,1481,6.665,34288,0,0% 1% 99% 1%,6.601
nbodyktidiom,kt,1,50000000,1481,6.664,34456,0,1% 1% 100% 0%,6.599
nbodyktidiom,kt,1,50000000,1481,6.663,34436,0,3% 99% 0% 1%,6.599
nbodyktidiom,kt,1,50000000,1481,6.640,34684,0,0% 1% 100% 0%,6.586
nbodyktidiom,kt,1,50000000,1481,6.664,34452,0,1% 1% 0% 100%,6.599
nbodyktidiom,kt,1,50000000,1481,6.642,34444,0,1% 100% 0% 0%,6.589
nbodyktidiom,kt,1,50000000,1481,6.649,34656,0,0% 2% 99% 1%,6.590
nbodyktidiom,kt,1,50000000,1481,6.669,34300,0,1% 1% 1% 99%,6.606
nbodyktidiom,kt,1,50000000,1481,6.638,34392,0,100% 1% 0% 1%,6.583
nbodyktidiom,kt,1,50000000,1481,6.637,34528,0,100% 1% 0% 1%,6.584
nbodyktidiom,kt,1,50000000,1481,6.642,34324,0,1% 1% 99% 1%,6.586
nbodyktidiom,kt,1,50000000,1481,6.661,34580,0,1% 100% 0% 1%,6.598
nbodyktidiom,kt,1,50000000,1481,6.638,34628,0,0% 1% 100% 0%,6.583
nbodyktidiom,kt,1,50000000,1481,6.662,34520,0,2% 100% 1% 1%,6.599
nbodyktidiom,kt,1,50000000,1481,6.663,34484,0,1% 100% 1% 1%,6.599
nbodyktidiom,kt,1,50000000,1481,6.646,34288,0,0% 1% 100% 0%,6.591
nbodyktidiom,kt,1,50000000,1481,6.672,34696,0,1% 1% 0% 100%,6.608
nbodyktidiom,kt,1,50000000,1481,6.665,34396,0,1% 1% 0% 100%,6.601
nbodyktidiom,kt,1,50000000,1481,6.662,34368,0,2% 1% 0% 100%,6.599
nbodyktidiom,kt,1,50000000,1481,6.660,34608,0,1% 1% 0% 100%,6.597
nbodyktidiom,kt,1,50000000,1481,6.640,34596,0,0% 1% 100% 1%,6.586
nbodyktidiom,kt,1,50000000,1481,6.662,34608,0,1% 1% 0% 100%,6.599
nbodyktidiom,kt,1,50000000,1481,6.660,34568,0,2% 99% 1% 1%,6.596
nbodyktidiom,kt,1,50000000,1481,6.642,34476,0,0% 1% 99% 0%,6.587
nbodyktidiom,kt,1,50000000,1481,6.668,34336,0,2% 65% 1% 35%,6.602
nbodyktidiom,kt,1,50000000,1481,6.661,34512,0,2% 1% 1% 100%,6.598
nbodyktidiom,kt,1,50000000,1481,6.657,34456,0,99% 2% 1% 1%,6.594
nbodyktidiom,kt,1,50000000,1481,6.663,34608,0,1% 1% 0% 100%,6.599
nbodyktidiom,kt,1,50000000,1481,6.662,34696,0,1% 1% 0% 100%,6.599
nbodyktidiom,kt,1,50000000,1481,6.640,34340,0,1% 1% 99% 1%,6.585
nbodyktidiom,kt,1,50000000,1481,6.662,34568,0,1% 1% 0% 100%,6.599
nbodyktidiom,kt,1,50000000,1481,6.663,34416,0,1% 1% 0% 100%,6.599
nbodyktidiom,kt,1,50000000,1481,6.662,34492,0,100% 0% 1% 1%,6.598
nbodyktidiom,kt,1,50000000,1481,6.663,34584,0,1% 1% 99% 0%,6.601
nbodyktidiom,kt,1,50000000,1481,6.667,34536,0,1% 100% 0% 1%,6.603
nbodyktidiom,kt,1,50000000,1481,6.665,34564,0,1% 1% 1% 99%,6.600
nbodyktidiom,kt,1,50000000,1481,6.641,34472,0,1% 72% 1% 28%,6.587
nbodyktidiom,kt,1,50000000,1481,6.641,34632,0,100% 1% 0% 1%,6.586
nbodyktidiom,kt,1,50000000,1481,6.663,34588,0,1% 2% 99% 1%,6.599
nbodyktidiom,kt,1,50000000,1481,6.641,34748,0,0% 1% 100% 0%,6.587
nbodyktidiom,kt,1,50000000,1481,6.663,34420,0,1% 100% 0% 1%,6.599
nbodyktidiom,kt,1,50000000,1481,6.662,34532,0,2% 100% 0% 1%,6.599
nbodyktidiom,kt,1,50000000,1481,6.669,34612,0,1% 2% 0% 99%,6.604
nbodyktidiom,kt,1,50000000,1481,6.661,34652,0,1% 2% 99% 1%,6.597
nbodyktidiom,kt,1,50000000,1481,6.655,34528,0,2% 100% 1% 1%,6.596
nbodyktidiom,kt,1,50000000,1481,6.652,34500,0,1% 2% 99% 0%,6.592
nbodyktidiom,kt,1,50000000,1481,6.658,34512,0,1% 1% 1% 100%,6.594
nbodyktidiom,kt,1,50000000,1481,6.642,34400,0,2% 100% 0% 0%,6.588
nbodyktidiom,kt,1,50000000,1481,6.649,34404,0,0% 1% 100% 0%,6.591
nbodyktidiom,kt,1,50000000,1481,6.642,34584,0,0% 1% 100% 1%,6.587
nbodyktidiom,kt,1,50000000,1481,6.663,34596,0,0% 2% 99% 1%,6.598
nbodyktidiom,kt,1,50000000,1481,6.646,34696,0,0% 1% 99% 1%,6.591
nbodyktidiom,kt,1,50000000,1481,6.663,34608,0,99% 1% 0% 2%,6.598
nbodyktidiom,kt,1,50000000,1481,6.644,34592,0,0% 1% 100% 1%,6.588
nbodyktidiom,kt,1,50000000,1481,6.647,34308,0,100% 0% 0% 1%,6.589
nbodyktidiom,kt,1,50000000,1481,6.661,34580,0,99% 1% 0% 1%,6.596
nbodyktidiom,kt,1,50000000,1481,6.641,34736,0,99% 1% 0% 1%,6.587
nbodyktidiom,kt,1,50000000,1481,6.650,34556,0,1% 1% 99% 1%,6.591
nbodyktidiom,kt,1,50000000,1481,6.640,34648,0,41% 1% 58% 1%,6.586
nbodyktidiom,kt,1,50000000,1481,6.639,34492,0,100% 1% 0% 1%,6.585
nbodyktidiom,kt,1,50000000,1481,6.655,34596,0,1% 0% 1% 100%,6.596
nbodyktidiom,kt,1,50000000,1481,6.656,34556,0,2% 99% 0% 1%,6.598
nbodyktidiom,kt,1,50000000,1481,6.664,34580,0,1% 1% 0% 100%,6.600
nbodyktidiom,kt,1,50000000,1481,6.660,34576,0,1% 1% 1% 99%,6.597
nbodyktidiom,kt,1,50000000,1481,6.641,34616,0,99% 1% 0% 1%,6.586
nbodyktidiom,kt,1,50000000,1481,6.664,34632,0,1% 1% 100% 0%,6.599
nbodyktidiom,kt,1,50000000,1481,6.659,34572,0,0% 0% 99% 1%,6.597
nbodyktidiom,kt,1,50000000,1481,6.650,34600,0,1% 100% 1% 0%,6.591
nbodyktidiom,kt,1,50000000,1481,6.663,34376,0,1% 1% 100% 0%,6.598
nbodyktidiom,kt,1,50000000,1481,6.648,34396,0,100% 2% 0% 1%,6.593
nbodyktidiom,kt,1,50000000,1481,6.642,34644,0,100% 1% 0% 1%,6.587
nbodyktidiom,kt,1,50000000,1481,6.669,34116,0,2% 99% 1% 1%,6.603
nbodyktidiom,kt,1,50000000,1481,6.661,34512,0,1% 0% 1% 99%,6.596
nbodyktidiom,kt,1,50000000,1481,6.664,34556,0,1% 99% 1% 1%,6.600
nbodyktidiom,kt,1,50000000,1481,6.663,34432,0,2% 99% 1% 1%,6.599
nbodyktidiom,kt,1,50000000,1481,6.641,34468,0,0% 1% 100% 0%,6.586
nbodyktidiom,kt,1,50000000,1481,6.658,34428,0,1% 1% 0% 100%,6.594
nbodyktidiom,kt,1,50000000,1481,6.638,34572,0,0% 0% 100% 1%,6.585
nbodyktidiom,kt,1,50000000,1481,6.664,34684,0,1% 1% 100% 0%,6.600
nbodyktidiom,kt,1,50000000,1481,6.661,34572,0,99% 1% 0% 1%,6.597
nbodyktidiom,kt,1,50000000,1481,6.640,34592,0,100% 1% 0% 1%,6.587
nbodyktidiom,kt,1,50000000,1481,6.644,34376,0,0% 1% 100% 1%,6.589
nbodyktidiom,kt,1,50000000,1481,6.639,34592,0,100% 0% 0% 1%,6.586
nbodyktidiom,kt,1,50000000,1481,6.662,34384,0,1% 1% 100% 1%,6.597
nbodyktidiom,kt,1,50000000,1481,6.644,34576,0,0% 1% 100% 0%,6.588
nbodyktidiom,kt,1,50000000,1481,6.662,34488,0,1% 1% 0% 100%,6.599
nbodyktidiom,kt,1,50000000,1481,6.646,34468,0,1% 1% 99% 1%,6.590
nbodyktidiom,kt,1,50000000,1481,6.645,34736,0,0% 0% 99% 1%,6.589
nbodyktidiom,kt,1,50000000,1481,6.664,34472,0,1% 0% 100% 1%,6.600
nbodyktidiom,kt,1,50000000,1481,6.643,34532,0,100% 1% 0% 1%,6.588
nbodyktidiom,kt,1,50000000,1481,6.663,34376,0,1% 0% 0% 100%,6.598
nbodyktidiom,kt,1,50000000,1481,6.665,34608,0,1% 1% 0% 100%,6.601
nbodyktidiom,kt,1,50000000,1481,6.641,34508,0,99% 1% 0% 1%,6.587
nbodyktidiom,kt,1,50000000,1481,6.645,34612,0,100% 1% 0% 1%,6.590
nbodyktidiom,kt,1,50000000,1481,6.666,34516,0,100% 1% 1% 0%,6.602
nbodyktidiom,kt,1,50000000,1481,6.641,34568,0,0% 0% 100% 1%,6.586
nbodyktidiom,kt,1,50000000,1481,6.638,34664,0,100% 1% 0% 1%,6.584
nbodyktidiom,kt,1,50000000,1481,6.676,34628,0,1% 100% 1% 1%,6.612
nbodyktidiom,kt,1,50000000,1481,6.656,34920,0,100% 1% 0% 1%,6.592
nbodyktidiom,kt,1,50000000,1481,6.665,34548,0,100% 0% 1% 0%,6.601
nbodyktidiom,kt,1,50000000,1481,6.655,34532,0,99% 0% 1% 1%,6.595
nbodyktidiom,kt,1,50000000,1481,6.663,34588,0,1% 100% 1% 1%,6.599
nbodyktidiom,kt,1,50000000,1481,6.663,34672,0,1% 1% 100% 0%,6.599
nbodyktidiom,kt,1,50000000,1481,6.640,34484,0,99% 1% 0% 1%,6.586
nbodyktidiom,kt,1,50000000,1481,6.662,34712,0,100% 1% 1% 0%,6.599
nbodyktidiom,kt,1,50000000,1481,6.639,34636,0,99% 1% 0% 1%,6.586
nbodyktidiom,kt,1,50000000,1481,6.641,34668,0,100% 1% 0% 1%,6.588
nbodyktidiom,kt,1,50000000,1481,6.642,34672,0,99% 1% 0% 1%,6.588
nbodyktidiom,kt,1,50000000,1481,6.647,34688,0,100% 1% 0% 1%,6.590
nbodyktidiom,kt,1,50000000,1481,6.654,34608,0,1% 1% 1% 100%,6.596
nbodyktidiom,kt,1,50000000,1481,6.661,34572,0,2% 1% 0% 100%,6.597
nbodyktidiom,kt,1,50000000,1481,6.644,34564,0,100% 1% 0% 1%,6.588
nbodyktidiom,kt,1,50000000,1481,6.662,34384,0,1% 1% 100% 0%,6.597
nbodyktidiom,kt,1,50000000,1481,6.634,34596,0,1% 0% 1% 100%,6.580
nbodyktidiom,kt,1,50000000,1481,6.662,34596,0,2% 99% 1% 1%,6.598
nbodyktidiom,kt,1,50000000,1481,6.669,34584,0,1% 1% 100% 0%,6.605
nbodyktidiom,kt,1,50000000,1481,6.652,34556,0,100% 1% 1% 1%,6.594
nbodyktidiom,kt,1,50000000,1481,6.663,34604,0,1% 100% 0% 1%,6.599
nbodyktidiom,kt,1,50000000,1481,6.650,34540,0,100% 1% 0% 1%,6.591
nbodyktidiom,kt,1,50000000,1481,6.668,34476,0,1% 99% 1% 0%,6.601
nbodyktidiom,kt,1,50000000,1481,6.654,34552,0,99% 2% 1% 0%,6.594
nbodyktidiom,kt,1,50000000,1481,6.640,34668,0,1% 0% 0% 100%,6.588
nbodyktidiom,kt,1,50000000,1481,6.639,34636,0,100% 1% 0% 1%,6.585
nbodyktidiom,kt,1,50000000,1481,6.665,34496,0,1% 0% 100% 1%,6.601
nbodyktidiom,kt,1,50000000,1481,6.638,34428,0,0% 1% 100% 1%,6.584
nbodyktidiom,kt,1,50000000,1481,6.654,34624,0,3% 99% 1% 1%,6.597
nbodyktidiom,kt,1,50000000,1481,6.640,34608,0,100% 1% 0% 1%,6.586
nbodyktidiom,kt,1,50000000,1481,6.642,34636,0,2% 100% 0% 0%,6.587
nbodyktidiom,kt,1,50000000,1481,6.662,34584,0,1% 1% 1% 100%,6.597
nbodyktidiom,kt,1,50000000,1481,6.641,34672,0,100% 0% 0% 1%,6.586
nbodyktidiom,kt,1,50000000,1481,6.664,34588,0,1% 99% 1% 1%,6.600
nbodyktidiom,kt,1,50000000,1481,6.641,34580,0,99% 1% 0% 1%,6.587
nbodyktidiom,kt,1,50000000,1481,6.663,34696,0,2% 100% 0% 0%,6.599
nbodyktidiom,kt,1,50000000,1481,6.641,34632,0,0% 1% 100% 0%,6.586
nbodyktidiom,kt,1,50000000,1481,6.660,34640,0,1% 99% 1% 1%,6.596
nbodyktidiom,kt,1,50000000,1481,6.651,34260,0,1% 2% 100% 1%,6.593
nbodyktidiom,kt,1,50000000,1481,6.639,34532,0,99% 0% 0% 1%,6.586
nbodyktidiom,kt,1,50000000,1481,6.643,34664,0,100% 1% 0% 1%,6.589
nbodyktidiom,kt,1,50000000,1481,6.642,34416,0,2% 100% 0% 0%,6.588
nbodyktidiom,kt,1,50000000,1481,6.638,34592,0,0% 100% 1% 0%,6.584
nbodyktidiom,kt,1,50000000,1481,6.662,34628,0,1% 1% 0% 100%,6.597
nbodyktidiom,kt,1,50000000,1481,6.642,34400,0,99% 1% 0% 1%,6.588
nbodyktidiom,kt,1,50000000,1481,6.664,34620,0,100% 1% 1% 0%,6.601
nbodyktidiom,kt,1,50000000,1481,6.663,34404,0,79% 1% 21% 1%,6.599
nbodyktidiom,kt,1,50000000,1481,6.640,34516,0,100% 1% 0% 1%,6.586
nbodyktidiom,kt,1,50000000,1481,6.663,34248,0,1% 1% 100% 1%,6.599
nbodyktidiom,kt,1,50000000,1481,6.642,34624,0,0% 0% 99% 1%,6.588
nbodyktidiom,kt,1,50000000,1481,6.641,34464,0,100% 1% 0% 1%,6.586
nbodyktidiom,kt,1,50000000,1481,6.646,34564,0,3% 99% 0% 1%,6.589
nbodyktidiom,kt,1,50000000,1481,6.653,34576,0,1% 100% 0% 0%,6.594
nbodyktidiom,kt,1,50000000,1481,6.663,34484,0,1% 100% 0% 1%,6.599
nbodyktidiom,kt,1,50000000,1481,6.644,34564,0,0% 1% 99% 1%,6.589
nbodyktidiom,kt,1,50000000,1481,6.664,34420,0,99% 1% 1% 0%,6.599
nbodyktidiom,kt,1,50000000,1481,6.666,34276,0,1% 1% 100% 1%,6.600
nbodyktidiom,kt,1,50000000,1481,6.662,34556,0,99% 1% 1% 1%,6.598
nbodyktidiom,kt,1,50000000,1481,6.639,34584,0,2% 100% 1% 0%,6.586
nbodyktidiom,kt,1,50000000,1481,6.642,34632,0,99% 1% 0% 0%,6.586
nbodyktidiom,kt,1,50000000,1481,6.640,34616,0,100% 0% 0% 1%,6.585
nbodyktidiom,kt,1,50000000,1481,6.641,34512,0,99% 1% 0% 1%,6.586
nbodyktidiom,kt,1,50000000,1481,6.643,34652,0,2% 1% 0% 99%,6.589
nbodyktidiom,kt,1,50000000,1481,6.662,34388,0,77% 1% 23% 2%,6.598
nbodyktidiom,kt,1,50000000,1481,6.639,34604,0,100% 1% 0% 1%,6.585
nbodyktidiom,kt,1,50000000,1481,6.667,34684,0,0% 1% 1% 100%,6.603
nbodyktidiom,kt,1,50000000,1481,6.649,34708,0,100% 0% 0% 1%,6.591
nbodyktidiom,kt,1,50000000,1481,6.661,34640,0,1% 100% 0% 1%,6.598
nbodyktidiom,kt,1,50000000,1481,6.662,34388,0,1% 1% 100% 1%,6.597
nbodyktidiom,kt,1,50000000,1481,6.663,34504,0,99% 1% 0% 1%,6.599
nbodyktidiom,kt,1,50000000,1481,6.650,34392,0,99% 0% 0% 1%,6.593
nbodyktidiom,kt,1,50000000,1481,6.661,34388,0,1% 1% 0% 100%,6.598
nbodyktidiom,kt,1,50000000,1481,6.667,34632,0,100% 1% 1% 1%,6.603
nbodyktidiom,kt,1,50000000,1481,6.665,34644,0,3% 100% 1% 1%,6.605
nbodyktidiom,kt,1,50000000,1481,6.648,34580,0,0% 0% 1% 100%,6.590
nbodyktidiom,kt,1,50000000,1481,6.664,34376,0,2% 1% 0% 100%,6.597
nbodyktidiom,kt,1,50000000,1481,6.660,34516,0,1% 0% 0% 100%,6.596
nbodyktidiom,kt,1,50000000,1481,6.641,34424,0,100% 1% 0% 1%,6.587
nbodyktidiom,kt,1,50000000,1481,6.664,34532,0,1% 100% 1% 1%,6.600
nbodyktidiom,kt,1,50000000,1481,6.639,34504,0,0% 1% 100% 1%,6.585
nbodyktidiom,kt,1,50000000,1481,6.642,34648,0,0% 1% 100% 0%,6.587
nbodyktidiom,kt,1,50000000,1481,6.649,34548,0,7% 1% 94% 0%,6.595
nbodyktidiom,kt,1,50000000,1481,6.658,34560,0,1% 1% 99% 1%,6.595
nbodyktidiom,kt,1,50000000,1481,6.639,34360,0,0% 1% 100% 0%,6.584
nbodyktidiom,kt,1,50000000,1481,6.642,34584,0,0% 1% 100% 0%,6.587
nbodyktidiom,kt,1,50000000,1481,6.642,34400,0,0% 1% 100% 0%,6.587
nbodyktidiom,kt,1,50000000,1481,6.660,34472,0,1% 1% 1% 99%,6.596
nbodyktidiom,kt,1,50000000,1481,6.660,34652,0,1% 1% 100% 0%,6.597
nbodyktidiom,kt,1,50000000,1481,6.640,34512,0,0% 1% 100% 0%,6.585
nbodyktidiom,kt,1,50000000,1481,6.660,34340,0,1% 100% 1% 1%,6.595
nbodyktidiom,kt,1,50000000,1481,6.638,34612,0,0% 1% 100% 0%,6.584
nbodyktidiom,kt,1,50000000,1481,6.638,34576,0,0% 1% 100% 0%,6.584
nbodyktidiom,kt,1,50000000,1481,6.665,34472,0,0% 2% 99% 1%,6.601
nbodyktidiom,kt,1,50000000,1481,6.663,34624,0,1% 1% 1% 100%,6.599
nbodyktidiom,kt,1,50000000,1481,6.662,34456,0,1% 1% 0% 100%,6.599
nbodyktidiom,kt,1,50000000,1481,6.643,34400,0,100% 0% 0% 1%,6.587
nbodyktidiom,kt,1,50000000,1481,6.663,34600,0,0% 1% 1% 100%,6.599
nbodyktidiom,kt,1,50000000,1481,6.640,34740,0,100% 1% 0% 1%,6.586
nbodyktidiom,kt,1,50000000,1481,6.642,34244,0,0% 1% 100% 0%,6.588
nbodyktidiom,kt,1,50000000,1481,6.660,34584,0,1% 1% 100% 0%,6.595
nbodyktidiom,kt,1,50000000,1481,6.670,34608,0,2% 1% 0% 100%,6.606
nbodyktidiom,kt,1,50000000,1481,6.664,34468,0,99% 1% 1% 0%,6.599
nbodyktidiom,kt,1,50000000,1481,6.642,34604,0,100% 1% 0% 1%,6.587
nbodyktidiom,kt,1,50000000,1481,6.662,34448,0,1% 100% 0% 1%,6.598
nbodyktidiom,kt,1,50000000,1481,6.639,34664,0,0% 1% 99% 0%,6.585
nbodyktidiom,kt,1,50000000,1481,6.640,34460,0,0% 1% 100% 1%,6.585
nbodyktidiom,kt,1,50000000,1481,6.639,34540,0,0% 1% 100% 1%,6.585
nbodyktidiom,kt,1,50000000,1481,6.639,34540,0,0% 1% 100% 0%,6.585
nbodyktidiom,kt,1,50000000,1481,6.660,34576,0,1% 99% 1% 1%,6.597
nbodyktidiom,kt,1,50000000,1481,6.669,34532,0,1% 100% 1% 1%,6.607
nbodyktidiom,kt,1,50000000,1481,6.663,34544,0,2% 100% 1% 1%,6.600
nbodyktidiom,kt,1,50000000,1481,6.653,34612,0,1% 1% 100% 0%,6.592
nbodyktidiom,kt,1,50000000,1481,6.662,34588,0,99% 1% 0% 1%,6.598
nbodyktidiom,kt,1,50000000,1481,6.641,34376,0,0% 1% 100% 0%,6.585
nbodyktidiom,kt,1,50000000,1481,6.638,34684,0,1% 0% 1% 100%,6.583
nbodyktidiom,kt,1,50000000,1481,6.640,34540,0,100% 1% 0% 1%,6.585
nbodyktidiom,kt,1,50000000,1481,6.638,34364,0,0% 1% 100% 0%,6.584
nbodyktidiom,kt,1,50000000,1481,6.640,34744,0,100% 0% 0% 1%,6.587
nbodyktidiom,kt,1,50000000,1481,6.663,34568,0,1% 1% 100% 1%,6.598
nbodyktidiom,kt,1,50000000,1481,6.644,34552,0,2% 0% 0% 100%,6.590
nbodyktidiom,kt,1,50000000,1481,6.661,34416,0,100% 1% 1% 1%,6.596
nbodyktidiom,kt,1,50000000,1481,6.655,34368,0,1% 0% 0% 100%,6.595
nbodyktidiom,kt,1,50000000,1481,6.641,34432,0,99% 0% 0% 1%,6.587
nbodyktidiom,kt,1,50000000,1481,6.641,34684,0,100% 0% 0% 1%,6.587
nbodyktidiom,kt,1,50000000,1481,6.663,34572,0,99% 1% 0% 1%,6.598
nbodyktidiom,kt,1,50000000,1481,6.667,34528,0,2% 99% 1% 1%,6.601
nbodyktidiom,kt,1,50000000,1481,6.637,34684,0,1% 0% 1% 100%,6.584
nbodyktidiom,kt,1,50000000,1481,6.643,34544,0,99% 1% 0% 1%,6.589
nbodyktidiom,kt,1,50000000,1481,6.640,34428,0,3% 100% 0% 0%,6.586
nbodyktidiom,kt,1,50000000,1481,6.651,34568,0,0% 100% 1% 1%,6.594
nbodyktidiom,kt,1,50000000,1481,6.662,34400,0,1% 100% 0% 1%,6.600
nbodyktidiom,kt,1,50000000,1481,6.656,34496,0,1% 100% 0% 1%,6.596
nbodyktidiom,kt,1,50000000,1481,6.654,34556,0,0% 0% 100% 0%,6.595
nbodyktidiom,kt,1,50000000,1481,6.656,34556,0,100% 1% 1% 1%,6.595
nbodyktidiom,kt,1,50000000,1481,6.661,34576,0,1% 1% 1% 100%,6.597
nbodyktidiom,kt,1,50000000,1481,6.667,34512,0,2% 99% 0% 1%,6.602
nbodyktidiom,kt,1,50000000,1481,6.639,34552,0,0% 1% 99% 1%,6.585
nbodyktidiom,kt,1,50000000,1481,6.641,34372,0,0% 1% 100% 0%,6.586
nbodyktidiom,kt,1,50000000,1481,6.640,34464,0,100% 1% 0% 1%,6.586
nbodyktidiom,kt,1,50000000,1481,6.663,34608,0,2% 1% 1% 100%,6.598
nbodyktidiom,kt,1,50000000,1481,6.672,34796,0,100% 0% 1% 1%,6.599
nbodyktidiom,kt,1,50000000,1481,6.649,34624,0,0% 1% 100% 0%,6.590
nbodyktidiom,kt,1,50000000,1481,6.660,34592,0,99% 1% 1% 1%,6.597
nbodyktidiom,kt,1,50000000,1481,6.662,34680,0,0% 1% 1% 99%,6.598
nbodyktidiom,kt,1,50000000,1481,6.661,34580,0,1% 1% 99% 1%,6.598
nbodyktidiom,kt,1,50000000,1481,6.661,34680,0,1% 0% 100% 0%,6.597
nbodyktidiom,kt,1,50000000,1481,6.651,34636,0,1% 1% 99% 1%,6.592
nbodyktidiom,kt,1,50000000,1481,6.659,34512,0,100% 2% 1% 1%,6.596
nbodyktidiom,kt,1,50000000,1481,6.642,34600,0,99% 1% 0% 1%,6.587
nbodyktidiom,kt,1,50000000,1481,6.667,34468,0,100% 1% 1% 1%,6.601
nbodyktidiom,kt,1,50000000,1481,6.660,34640,0,36% 1% 63% 1%,6.599
nbodyktidiom,kt,1,50000000,1481,6.662,34540,0,1% 1% 1% 100%,6.598
nbodyktidiom,kt,1,50000000,1481,6.663,34540,0,2% 100% 1% 1%,6.599
nbodyktidiom,kt,1,50000000,1481,6.654,34632,0,0% 1% 1% 99%,6.593
nbodyktidiom,kt,1,50000000,1481,6.659,34644,0,2% 1% 0% 100%,6.596
nbodyktidiom,kt,1,50000000,1481,6.661,34456,0,1% 1% 1% 100%,6.597
nbodyktidiom,kt,1,50000000,1481,6.644,34344,0,1% 0% 1% 100%,6.590
nbodyktidiom,kt,1,50000000,1481,6.653,34384,0,2% 1% 0% 100%,6.593
nbodyktidiom,kt,1,50000000,1481,6.639,34672,0,0% 1% 100% 0%,6.585
nbodyktidiom,kt,1,50000000,1481,6.641,34548,0,0% 1% 99% 0%,6.585
nbodyktidiom,kt,1,50000000,1481,6.640,34572,0,0% 1% 100% 1%,6.587
nbodyktidiom,kt,1,50000000,1481,6.643,34608,0,0% 1% 100% 0%,6.587
nbodyktidiom,kt,1,50000000,1481,6.651,34548,0,0% 1% 1% 99%,6.592
nbodyktidiom,kt,1,50000000,1481,6.643,34440,0,100% 0% 0% 1%,6.588
nbodyktidiom,kt,1,50000000,1481,6.665,34636,0,1% 1% 0% 100%,6.600
nbodyktidiom,kt,1,50000000,1481,6.647,34296,0,100% 1% 0% 1%,6.594
nbodyktidiom,kt,1,50000000,1481,6.664,34440,0,0% 100% 0% 1%,6.599
nbodyktidiom,kt,1,50000000,1481,6.663,34568,0,99% 1% 1% 1%,6.599
nbodyktidiom,kt,1,50000000,1481,6.661,34488,0,0% 2% 99% 0%,6.598
nbodyktidiom,kt,1,50000000,1481,6.639,34504,0,100% 0% 0% 1%,6.586
nbodyktidiom,kt,1,50000000,1481,6.664,34624,0,1% 1% 1% 100%,6.600
nbodyktidiom,kt,1,50000000,1481,6.640,34488,0,100% 0% 0% 1%,6.586
nbodyktidiom,kt,1,50000000,1481,6.664,34432,0,0% 2% 100% 1%,6.600
nbodyktidiom,kt,1,50000000,1481,6.663,34248,0,99% 1% 1% 1%,6.599
nbodyktidiom,kt,1,50000000,1481,6.665,34612,0,100% 1% 1% 1%,6.600
nbodyktidiom,kt,1,50000000,1481,6.663,34484,0,100% 1% 1% 0%,6.599
nbodyktidiom,kt,1,50000000,1481,6.654,34544,0,100% 1% 0% 1%,6.596
nbodyktidiom,kt,1,50000000,1481,6.665,34560,0,1% 1% 0% 100%,6.601
nbodyktidiom,kt,1,50000000,1481,6.665,34592,0,1% 0% 100% 0%,6.601
nbodyktidiom,kt,1,50000000,1481,6.642,34684,0,99% 1% 0% 1%,6.588
nbodyktidiom,kt,1,50000000,1481,6.642,34180,0,1% 0% 0% 100%,6.588
nbodyktidiom,kt,1,50000000,1481,6.662,34536,0,100% 1% 1% 1%,6.597
nbodyktidiom,kt,1,50000000,1481,6.658,34628,0,2% 99% 1% 0%,6.603
nbodyktidiom,kt,1,50000000,1481,6.665,34492,0,1% 0% 1% 99%,6.601
nbodyktidiom,kt,1,50000000,1481,6.640,34576,0,1% 100% 0% 0%,6.586
nbodyktidiom,kt,1,50000000,1481,6.662,34616,0,2% 0% 2% 99%,6.598
nbodyktidiom,kt,1,50000000,1481,6.642,34508,0,1% 99% 0% 0%,6.588
nbodyktidiom,kt,1,50000000,1481,6.659,34464,0,100% 0% 1% 0%,6.597
nbodyktidiom,kt,1,50000000,1481,6.661,34640,0,100% 1% 1% 0%,6.598
nbodyktidiom,kt,1,50000000,1481,6.639,34336,0,1% 100% 1% 0%,6.584
nbodyktidiom,kt,1,50000000,1481,6.640,34404,0,100% 1% 0% 1%,6.586
nbodyktidiom,kt,1,50000000,1481,6.643,34488,0,2% 86% 1% 14%,6.589
nbodyktidiom,kt,1,50000000,1481,6.659,34424,0,2% 100% 1% 1%,6.595
nbodyktidiom,kt,1,50000000,1481,6.660,34520,0,3% 99% 1% 1%,6.597
nbodyktidiom,kt,1,50000000,1481,6.659,34572,0,2% 99% 1% 0%,6.596
nbodyktidiom,kt,1,50000000,1481,6.641,34520,0,1% 0% 1% 100%,6.585
nbodyktidiom,kt,1,50000000,1481,6.647,34364,0,3% 99% 0% 0%,6.591
nbodyktidiom,kt,1,50000000,1481,6.644,34360,0,6% 1% 94% 0%,6.590
nbodyktidiom,kt,1,50000000,1481,6.666,34592,0,1% 1% 99% 1%,6.600
nbodyktidiom,kt,1,50000000,1481,6.652,34576,0,1% 1% 1% 100%,6.592
nbodyktidiom,kt,1,50000000,1481,6.642,34280,0,99% 1% 0% 1%,6.587
nbodyktidiom,kt,1,50000000,1481,6.663,34468,0,2% 99% 1% 1%,6.599
nbodyktidiom,kt,1,50000000,1481,6.662,34344,0,100% 1% 1% 0%,6.598
nbodyktidiom,kt,1,50000000,1481,6.641,34696,0,1% 0% 1% 100%,6.587
nbodyktidiom,kt,1,50000000,1481,6.663,34408,0,100% 1% 1% 1%,6.599
nbodyktidiom,kt,1,50000000,1481,6.663,34564,0,100% 1% 1% 1%,6.599
nbodyktidiom,kt,1,50000000,1481,6.641,34376,0,2% 0% 0% 99%,6.585
nbodyktidiom,kt,1,50000000,1481,6.654,34752,0,1% 1% 99% 0%,6.595
nbodyktidiom,kt,1,50000000,1481,6.663,34528,0,0% 1% 100% 1%,6.599
nbodyktidiom,kt,1,50000000,1481,6.663,34508,0,1% 1% 100% 1%,6.600
nbodyktidiom,kt,1,50000000,1481,6.660,34428,0,2% 0% 1% 99%,6.596
nbodyktidiom,kt,1,50000000,1481,6.640,34648,0,1% 99% 0% 0%,6.587
nbodyktidiom,kt,1,50000000,1481,6.643,34524,0,0% 1% 100% 0%,6.590
nbodyktidiom,kt,1,50000000,1481,6.637,34516,0,2% 0% 1% 100%,6.583
nbodyktidiom,kt,1,50000000,1481,6.642,34748,0,100% 2% 0% 1%,6.587
nbodyktidiom,kt,1,50000000,1481,6.665,34540,0,99% 1% 1% 1%,6.600
nbodyktidiom,kt,1,50000000,1481,6.645,34392,0,1% 100% 0% 0%,6.589
nbodyktidiom,kt,1,50000000,1481,6.656,34620,0,100% 1% 0% 0%,6.598
nbodyktidiom,kt,1,50000000,1481,6.662,34480,0,1% 78% 1% 22%,6.600
nbodyktidiom,kt,1,50000000,1481,6.668,34272,0,100% 2% 1% 1%,6.604
nbodyktidiom,kt,1,50000000,1481,6.640,34540,0,1% 100% 0% 0%,6.585
nbodyktidiom,kt,1,50000000,1481,6.649,34528,0,0% 1% 100% 0%,6.590
nbodyktidiom,kt,1,50000000,1481,6.648,34540,0,0% 1% 99% 0%,6.588
nbodyktidiom,kt,1,50000000,1481,6.660,34488,0,1% 1% 100% 0%,6.596
nbodyktidiom,kt,1,50000000,1481,6.639,34428,0,1% 1% 0% 99%,6.585
nbodyktidiom,kt,1,50000000,1481,6.659,34516,0,1% 1% 1% 100%,6.597
nbodyktidiom,kt,1,50000000,1481,6.659,34604,0,99% 1% 0% 2%,6.596
nbodyktidiom,kt,1,50000000,1481,6.664,34484,0,1% 100% 0% 1%,6.601
nbodyktidiom,kt,1,50000000,1481,6.649,34644,0,1% 1% 100% 0%,6.591
nbodyktidiom,kt,1,50000000,1481,6.642,34560,0,100% 1% 0% 1%,6.588
nbodyktidiom,kt,1,50000000,1481,6.639,34588,0,0% 1% 100% 1%,6.585
nbodyktidiom,kt,1,50000000,1481,6.642,34628,0,0% 1% 100% 0%,6.588
nbodyktidiom,kt,1,50000000,1481,6.661,34388,0,0% 2% 99% 0%,6.597
nbodyktidiom,kt,1,50000000,1481,6.639,34672,0,0% 1% 100% 0%,6.584
nbodyktidiom,kt,1,50000000,1481,6.661,34332,0,2% 100% 0% 1%,6.597
nbodyktidiom,kt,1,50000000,1481,6.639,34436,0,0% 1% 100% 0%,6.584
nbodyktidiom,kt,1,50000000,1481,6.664,34364,0,1% 1% 100% 0%,6.599
nbodyktidiom,kt,1,50000000,1481,6.661,34564,0,100% 0% 1% 1%,6.597
nbodyktidiom,kt,1,50000000,1481,6.656,34552,0,100% 2% 1% 1%,6.597
nbodyktidiom,kt,1,50000000,1481,6.668,34520,0,2% 6% 1% 94%,6.603
nbodyktidiom,kt,1,50000000,1481,6.661,34532,0,1% 1% 100% 1%,6.598
nbodyktidiom,kt,1,50000000,1481,6.664,34596,0,99% 1% 0% 2%,6.600
nbodyktidiom,kt,1,50000000,1481,6.661,34572,0,1% 100% 0% 0%,6.599
nbodyktidiom,kt,1,50000000,1481,6.641,34660,0,0% 1% 100% 1%,6.586
nbodyktidiom,kt,1,50000000,1481,6.641,34692,0,0% 1% 100% 0%,6.587
nbodyktidiom,kt,1,50000000,1481,6.640,34400,0,0% 1% 100% 1%,6.586
nbodyktidiom,kt,1,50000000,1481,6.658,34544,0,0% 2% 99% 0%,6.595
nbodyktidiom,kt,1,50000000,1481,6.644,34688,0,1% 1% 100% 0%,6.590
nbodyktidiom,kt,1,50000000,1481,6.660,34392,0,1% 1% 1% 99%,6.597
nbodyktidiom,kt,1,50000000,1481,6.639,34436,0,0% 1% 100% 0%,6.585
nbodyktidiom,kt,1,50000000,1481,6.640,34640,0,0% 1% 100% 0%,6.586
nbodyktidiom,kt,1,50000000,1481,6.658,34608,0,100% 2% 0% 1%,6.595
nbodyktidiom,kt,1,50000000,1481,6.669,34440,0,2% 99% 1% 1%,6.604
nbodyktidiom,kt,1,50000000,1481,6.665,34568,0,1% 100% 1% 1%,6.600
nbodyktidiom,kt,1,50000000,1481,6.668,34560,0,1% 1% 100% 0%,6.604
nbodyktidiom,kt,1,50000000,1481,6.642,34580,0,100% 2% 0% 1%,6.587
nbodyktidiom,kt,1,50000000,1481,6.666,34580,0,3% 100% 0% 1%,6.602
nbodyktidiom,kt,1,50000000,1481,6.640,34332,0,2% 100% 1% 0%,6.587
nbodyktidiom,kt,1,50000000,1481,6.661,34400,0,2% 100% 1% 1%,6.597
nbodyktidiom,kt,1,50000000,1481,6.638,34404,0,0% 1% 100% 0%,6.584
nbodyktidiom,kt,1,50000000,1481,6.661,34460,0,1% 0% 100% 0%,6.596
nbodyktidiom,kt,1,50000000,1481,6.666,34544,0,2% 99% 0% 1%,6.602
nbodyktidiom,kt,1,50000000,1481,6.639,34408,0,0% 1% 100% 0%,6.585
nbodyktidiom,kt,1,50000000,1481,6.667,34368,0,1% 0% 100% 1%,6.602
nbodyktidiom,kt,1,50000000,1481,6.664,34572,0,1% 1% 100% 0%,6.599
nbodyktidiom,kt,1,50000000,1481,6.660,34608,0,2% 1% 0% 100%,6.596
nbodyktidiom,kt,1,50000000,1481,6.667,34436,0,1% 1% 99% 1%,6.602
nbodyktidiom,kt,1,50000000,1481,6.664,34628,0,1% 1% 100% 1%,6.600
nbodyktidiom,kt,1,50000000,1481,6.640,34676,0,0% 1% 100% 0%,6.585
nbodyktidiom,kt,1,50000000,1481,6.641,34316,0,0% 1% 99% 1%,6.587
nbodyktidiom,kt,1,50000000,1481,6.641,34208,0,0% 1% 100% 0%,6.586
nbodyktidiom,kt,1,50000000,1481,6.642,34504,0,1% 1% 99% 0%,6.589
nbodyktidiom,kt,1,50000000,1481,6.661,34560,0,99% 1% 1% 1%,6.597
nbodyktidiom,kt,1,50000000,1481,6.670,34384,0,1% 1% 99% 1%,6.604
nbodyktidiom,kt,1,50000000,1481,6.639,34580,0,0% 1% 100% 1%,6.586
nbodyktidiom,kt,1,50000000,1481,6.652,34488,0,1% 1% 1% 99%,6.592
nbodyktidiom,kt,1,50000000,1481,6.637,34568,0,1% 0% 1% 100%,6.584
nbodyktidiom,kt,1,50000000,1481,6.663,34680,0,0% 0% 100% 1%,6.598
nbodyktidiom,kt,1,50000000,1481,6.662,34504,0,1% 100% 1% 1%,6.599
nbodyktidiom,kt,1,50000000,1481,6.639,34624,0,0% 1% 100% 1%,6.584
nbodyktidiom,kt,1,50000000,1481,6.639,34432,0,0% 1% 100% 0%,6.586
nbodyktidiom,kt,1,50000000,1481,6.659,34700,0,0% 1% 0% 100%,6.596
nbodyktidiom,kt,1,50000000,1481,6.667,34452,0,2% 100% 1% 1%,6.603